{"mpc/success_rate": 0.2, "mpc/mean_state_dist": 2.6399776935577393, "mpc/mean_visual_dist": 0.5134101296768707, "mpc/mean_proprio_dist": 1.0370477437973022, "mpc/mean_div_visual_emb": 3.45611310005188, "mpc/mean_div_proprio_emb": 3.1465024948120117, "step": 1}
{"final_eval/success_rate": 0.2, "final_eval/mean_state_dist": 2.6399776935577393, "final_eval/mean_visual_dist": 0.5134101296768707, "final_eval/mean_proprio_dist": 1.0370477437973022, "final_eval/mean_div_visual_emb": 3.45611310005188, "final_eval/mean_div_proprio_emb": 3.1465024948120117}
