{"mpc/success_rate": 0.6, "mpc/mean_state_dist": 3.932720184326172, "mpc/mean_visual_dist": 0.631567120552063, "mpc/mean_proprio_dist": 2.3842825889587402, "mpc/mean_div_visual_emb": 10.386423110961914, "mpc/mean_div_proprio_emb": 4.725551128387451, "step": 1}
{"final_eval/success_rate": 0.6, "final_eval/mean_state_dist": 3.932720184326172, "final_eval/mean_visual_dist": 0.631567120552063, "final_eval/mean_proprio_dist": 2.3842825889587402, "final_eval/mean_div_visual_emb": 10.386423110961914, "final_eval/mean_div_proprio_emb": 4.725551128387451}
