{"mpc/success_rate": 0.4, "mpc/mean_state_dist": 2.3630781173706055, "mpc/mean_visual_dist": 0.4425130208333333, "mpc/mean_proprio_dist": 0.88835209608078, "mpc/mean_div_visual_emb": 138.18275451660156, "mpc/mean_div_proprio_emb": 1.2686210870742798, "step": 1}
{"final_eval/success_rate": 0.4, "final_eval/mean_state_dist": 2.3630781173706055, "final_eval/mean_visual_dist": 0.4425130208333333, "final_eval/mean_proprio_dist": 0.88835209608078, "final_eval/mean_div_visual_emb": 138.18275451660156, "final_eval/mean_div_proprio_emb": 1.2686210870742798}
