{
  "status": "complete",
  "seed": 100,
  "n_evals": 50,
  "eval_seeds": [
    1,
    101,
    201,
    301,
    401,
    501,
    601,
    701,
    801,
    901,
    1001,
    1101,
    1201,
    1301,
    1401,
    1501,
    1601,
    1701,
    1801,
    1901,
    2001,
    2101,
    2201,
    2301,
    2401,
    2501,
    2601,
    2701,
    2801,
    2901,
    3001,
    3101,
    3201,
    3301,
    3401,
    3501,
    3601,
    3701,
    3801,
    3901,
    4001,
    4101,
    4201,
    4301,
    4401,
    4501,
    4601,
    4701,
    4801,
    4901
  ],
  "chunks": [
    {
      "eval_start_index": 0,
      "n_evals": 50,
      "path": "/home/jupyter-deuk-e40b/ts-cls/umaze_reproduction/plans/seed_100/logs.json",
      "first_seed": 1,
      "last_seed": 4901
    }
  ],
  "metrics": {
    "final_eval": {
      "final_eval/mean_div_proprio_emb": 4.539411544799805,
      "final_eval/mean_div_visual_emb": 16.966005325317383,
      "final_eval/mean_proprio_dist": 0.9002940654754639,
      "final_eval/mean_state_dist": 2.7309789657592773,
      "final_eval/mean_visual_dist": 0.3931141050170068,
      "final_eval/success_rate": 0.96
    },
    "mpc": {
      "mpc/mean_div_proprio_emb": 4.539411544799805,
      "mpc/mean_div_visual_emb": 16.966005325317383,
      "mpc/mean_proprio_dist": 0.9002940654754639,
      "mpc/mean_state_dist": 2.7309789657592773,
      "mpc/mean_visual_dist": 0.3931141050170068,
      "mpc/success_rate": 0.96
    }
  }
}
