{"mpc/success_rate": 1.0, "mpc/mean_state_dist": 1.851110816001892, "mpc/mean_visual_dist": 0.48654288053512573, "mpc/mean_proprio_dist": 1.111350655555725, "mpc/mean_div_visual_emb": 12.914586067199707, "mpc/mean_div_proprio_emb": 4.414559364318848, "step": 1}
{"final_eval/success_rate": 1.0, "final_eval/mean_state_dist": 1.851110816001892, "final_eval/mean_visual_dist": 0.48654288053512573, "final_eval/mean_proprio_dist": 1.111350655555725, "final_eval/mean_div_visual_emb": 12.914586067199707, "final_eval/mean_div_proprio_emb": 4.414559364318848}
