{"mpc/success_rate": 0.4, "mpc/mean_state_dist": 4.03496789932251, "mpc/mean_visual_dist": 0.4830888605442177, "mpc/mean_proprio_dist": 1.5706253051757812, "mpc/mean_div_visual_emb": 5.726203441619873, "mpc/mean_div_proprio_emb": 2.044339418411255, "step": 1}
{"final_eval/success_rate": 0.4, "final_eval/mean_state_dist": 4.03496789932251, "final_eval/mean_visual_dist": 0.4830888605442177, "final_eval/mean_proprio_dist": 1.5706253051757812, "final_eval/mean_div_visual_emb": 5.726203441619873, "final_eval/mean_div_proprio_emb": 2.044339418411255}
