{"mpc/success_rate": 0.8, "mpc/mean_state_dist": 3.7515273094177246, "mpc/mean_visual_dist": 0.7292449474334717, "mpc/mean_proprio_dist": 2.198887586593628, "mpc/mean_div_visual_emb": 23.158771514892578, "mpc/mean_div_proprio_emb": 5.109786033630371, "step": 1}
{"final_eval/success_rate": 0.8, "final_eval/mean_state_dist": 3.7515273094177246, "final_eval/mean_visual_dist": 0.7292449474334717, "final_eval/mean_proprio_dist": 2.198887586593628, "final_eval/mean_div_visual_emb": 23.158771514892578, "final_eval/mean_div_proprio_emb": 5.109786033630371}
