{"mpc/success_rate": 1.0, "mpc/mean_state_dist": 1.4592300653457642, "mpc/mean_visual_dist": 0.3629603683948517, "mpc/mean_proprio_dist": 0.9289363622665405, "mpc/mean_div_visual_emb": 11.78931713104248, "mpc/mean_div_proprio_emb": 2.0193257331848145, "step": 1}
{"final_eval/success_rate": 1.0, "final_eval/mean_state_dist": 1.4592300653457642, "final_eval/mean_visual_dist": 0.3629603683948517, "final_eval/mean_proprio_dist": 0.9289363622665405, "final_eval/mean_div_visual_emb": 11.78931713104248, "final_eval/mean_div_proprio_emb": 2.0193257331848145}
