{"mpc/success_rate": 0.2, "mpc/mean_state_dist": 3.7052836418151855, "mpc/mean_visual_dist": 0.4663338382227891, "mpc/mean_proprio_dist": 1.3962509632110596, "mpc/mean_div_visual_emb": 101.60055541992188, "mpc/mean_div_proprio_emb": 0.6532407999038696, "step": 1}
{"final_eval/success_rate": 0.2, "final_eval/mean_state_dist": 3.7052836418151855, "final_eval/mean_visual_dist": 0.4663338382227891, "final_eval/mean_proprio_dist": 1.3962509632110596, "final_eval/mean_div_visual_emb": 101.60055541992188, "final_eval/mean_div_proprio_emb": 0.6532407999038696}
