{"mpc/success_rate": 1.0, "mpc/mean_state_dist": 1.8414732217788696, "mpc/mean_visual_dist": 0.4569970369338989, "mpc/mean_proprio_dist": 1.0453150272369385, "mpc/mean_div_visual_emb": 17.342180252075195, "mpc/mean_div_proprio_emb": 3.182588815689087, "step": 1}
{"final_eval/success_rate": 1.0, "final_eval/mean_state_dist": 1.8414732217788696, "final_eval/mean_visual_dist": 0.4569970369338989, "final_eval/mean_proprio_dist": 1.0453150272369385, "final_eval/mean_div_visual_emb": 17.342180252075195, "final_eval/mean_div_proprio_emb": 3.182588815689087}
