{
  "status": "complete",
  "seed": 200,
  "n_evals": 50,
  "eval_seeds": [
    1,
    201,
    401,
    601,
    801,
    1001,
    1201,
    1401,
    1601,
    1801,
    2001,
    2201,
    2401,
    2601,
    2801,
    3001,
    3201,
    3401,
    3601,
    3801,
    4001,
    4201,
    4401,
    4601,
    4801,
    5001,
    5201,
    5401,
    5601,
    5801,
    6001,
    6201,
    6401,
    6601,
    6801,
    7001,
    7201,
    7401,
    7601,
    7801,
    8001,
    8201,
    8401,
    8601,
    8801,
    9001,
    9201,
    9401,
    9601,
    9801
  ],
  "chunks": [
    {
      "eval_start_index": 0,
      "n_evals": 50,
      "path": "/home/jupyter-deuk-e40b/ts-cls/umaze_reproduction/plans/seed_200/logs.json",
      "first_seed": 1,
      "last_seed": 9801
    }
  ],
  "metrics": {
    "final_eval": {
      "final_eval/mean_div_proprio_emb": 6.955146789550781,
      "final_eval/mean_div_visual_emb": 16.988811492919922,
      "final_eval/mean_proprio_dist": 0.8353219628334045,
      "final_eval/mean_state_dist": 2.5289289951324463,
      "final_eval/mean_visual_dist": 0.38012050914115647,
      "final_eval/success_rate": 0.98
    },
    "mpc": {
      "mpc/mean_div_proprio_emb": 6.955146789550781,
      "mpc/mean_div_visual_emb": 16.988811492919922,
      "mpc/mean_proprio_dist": 0.8353219628334045,
      "mpc/mean_state_dist": 2.5289289951324463,
      "mpc/mean_visual_dist": 0.38012050914115647,
      "mpc/success_rate": 0.98
    }
  }
}
