{"mpc/success_rate": 0.0, "mpc/mean_state_dist": 3.3520331382751465, "mpc/mean_visual_dist": 0.5141369047619048, "mpc/mean_proprio_dist": 1.3716005086898804, "mpc/mean_div_visual_emb": 3.44378399848938, "mpc/mean_div_proprio_emb": 2.9313528537750244, "step": 1}
{"final_eval/success_rate": 0.0, "final_eval/mean_state_dist": 3.3520331382751465, "final_eval/mean_visual_dist": 0.5141369047619048, "final_eval/mean_proprio_dist": 1.3716005086898804, "final_eval/mean_div_visual_emb": 3.44378399848938, "final_eval/mean_div_proprio_emb": 2.9313528537750244}
