{"mpc/success_rate": 0.5, "mpc/mean_state_dist": 5.539820671081543, "mpc/mean_visual_dist": 0.7341156005859375, "mpc/mean_proprio_dist": 3.489572048187256, "mpc/mean_div_visual_emb": 11.34539794921875, "mpc/mean_div_proprio_emb": 3.340593099594116, "step": 1}
{"final_eval/success_rate": 0.5, "final_eval/mean_state_dist": 5.539820671081543, "final_eval/mean_visual_dist": 0.7341156005859375, "final_eval/mean_proprio_dist": 3.489572048187256, "final_eval/mean_div_visual_emb": 11.34539794921875, "final_eval/mean_div_proprio_emb": 3.340593099594116}
