{"mpc/success_rate": 0.5, "mpc/mean_state_dist": 2.8073019981384277, "mpc/mean_visual_dist": 0.4454480229591837, "mpc/mean_proprio_dist": 1.0035463571548462, "mpc/mean_div_visual_emb": 154.60610961914062, "mpc/mean_div_proprio_emb": 1.3487238883972168, "step": 1}
{"final_eval/success_rate": 0.5, "final_eval/mean_state_dist": 2.8073019981384277, "final_eval/mean_visual_dist": 0.4454480229591837, "final_eval/mean_proprio_dist": 1.0035463571548462, "final_eval/mean_div_visual_emb": 154.60610961914062, "final_eval/mean_div_proprio_emb": 1.3487238883972168}
