{"mpc/success_rate": 0.8, "mpc/mean_state_dist": 4.672141075134277, "mpc/mean_visual_dist": 0.6628898978233337, "mpc/mean_proprio_dist": 2.5717813968658447, "mpc/mean_div_visual_emb": 220.40530395507812, "mpc/mean_div_proprio_emb": 12.067621231079102, "step": 1}
{"final_eval/success_rate": 0.8, "final_eval/mean_state_dist": 4.672141075134277, "final_eval/mean_visual_dist": 0.6628898978233337, "final_eval/mean_proprio_dist": 2.5717813968658447, "final_eval/mean_div_visual_emb": 220.40530395507812, "final_eval/mean_div_proprio_emb": 12.067621231079102}
