{"mpc/success_rate": 0.2, "mpc/mean_state_dist": 3.2014057636260986, "mpc/mean_visual_dist": 0.4807630474064626, "mpc/mean_proprio_dist": 1.2798439264297485, "mpc/mean_div_visual_emb": 149.36318969726562, "mpc/mean_div_proprio_emb": 1.441823124885559, "step": 1}
{"final_eval/success_rate": 0.2, "final_eval/mean_state_dist": 3.2014057636260986, "final_eval/mean_visual_dist": 0.4807630474064626, "final_eval/mean_proprio_dist": 1.2798439264297485, "final_eval/mean_div_visual_emb": 149.36318969726562, "final_eval/mean_div_proprio_emb": 1.441823124885559}
