{
  "status": "complete",
  "seed": 300,
  "n_evals": 50,
  "eval_seeds": [
    1,
    301,
    601,
    901,
    1201,
    1501,
    1801,
    2101,
    2401,
    2701,
    3001,
    3301,
    3601,
    3901,
    4201,
    4501,
    4801,
    5101,
    5401,
    5701,
    6001,
    6301,
    6601,
    6901,
    7201,
    7501,
    7801,
    8101,
    8401,
    8701,
    9001,
    9301,
    9601,
    9901,
    10201,
    10501,
    10801,
    11101,
    11401,
    11701,
    12001,
    12301,
    12601,
    12901,
    13201,
    13501,
    13801,
    14101,
    14401,
    14701
  ],
  "chunks": [
    {
      "eval_start_index": 0,
      "n_evals": 50,
      "path": "/home/jupyter-deuk-e40b/ts-cls/umaze_reproduction/plans/seed_300/logs.json",
      "first_seed": 1,
      "last_seed": 14701
    }
  ],
  "metrics": {
    "final_eval": {
      "final_eval/mean_div_proprio_emb": 5.544734954833984,
      "final_eval/mean_div_visual_emb": 17.818782806396484,
      "final_eval/mean_proprio_dist": 0.971234142780304,
      "final_eval/mean_state_dist": 2.9303371906280518,
      "final_eval/mean_visual_dist": 0.4124038052721089,
      "final_eval/success_rate": 0.94
    },
    "mpc": {
      "mpc/mean_div_proprio_emb": 5.544734954833984,
      "mpc/mean_div_visual_emb": 17.818782806396484,
      "mpc/mean_proprio_dist": 0.971234142780304,
      "mpc/mean_state_dist": 2.9303371906280518,
      "mpc/mean_visual_dist": 0.4124038052721089,
      "mpc/success_rate": 0.94
    }
  }
}
