{"mpc/success_rate": 0.7, "mpc/mean_state_dist": 3.05737566947937, "mpc/mean_visual_dist": 0.4212983630952381, "mpc/mean_proprio_dist": 1.1494476795196533, "mpc/mean_div_visual_emb": 138.39651489257812, "mpc/mean_div_proprio_emb": 1.1957509517669678, "step": 1}
{"final_eval/success_rate": 0.7, "final_eval/mean_state_dist": 3.05737566947937, "final_eval/mean_visual_dist": 0.4212983630952381, "final_eval/mean_proprio_dist": 1.1494476795196533, "final_eval/mean_div_visual_emb": 138.39651489257812, "final_eval/mean_div_proprio_emb": 1.1957509517669678}
