{"mpc/success_rate": 1.0, "mpc/mean_state_dist": 2.490888833999634, "mpc/mean_visual_dist": 0.43612949085884356, "mpc/mean_proprio_dist": 0.8569240570068359, "mpc/mean_div_visual_emb": 7.4585394859313965, "mpc/mean_div_proprio_emb": 1.6735444068908691, "step": 1}
{"final_eval/success_rate": 1.0, "final_eval/mean_state_dist": 2.490888833999634, "final_eval/mean_visual_dist": 0.43612949085884356, "final_eval/mean_proprio_dist": 0.8569240570068359, "final_eval/mean_div_visual_emb": 7.4585394859313965, "final_eval/mean_div_proprio_emb": 1.6735444068908691}
