{"mpc/success_rate": 0.9, "mpc/mean_state_dist": 2.0777809619903564, "mpc/mean_visual_dist": 0.3396896258503401, "mpc/mean_proprio_dist": 0.6932468414306641, "mpc/mean_div_visual_emb": 7.100067615509033, "mpc/mean_div_proprio_emb": 1.803617238998413, "step": 1}
{"final_eval/success_rate": 0.9, "final_eval/mean_state_dist": 2.0777809619903564, "final_eval/mean_visual_dist": 0.3396896258503401, "final_eval/mean_proprio_dist": 0.6932468414306641, "final_eval/mean_div_visual_emb": 7.100067615509033, "final_eval/mean_div_proprio_emb": 1.803617238998413}
