{"mpc/success_rate": 0.4, "mpc/mean_state_dist": 3.197425365447998, "mpc/mean_visual_dist": 0.4139429209183674, "mpc/mean_proprio_dist": 1.2550147771835327, "mpc/mean_div_visual_emb": 110.99751281738281, "mpc/mean_div_proprio_emb": 0.7411142587661743, "step": 1}
{"final_eval/success_rate": 0.4, "final_eval/mean_state_dist": 3.197425365447998, "final_eval/mean_visual_dist": 0.4139429209183674, "final_eval/mean_proprio_dist": 1.2550147771835327, "final_eval/mean_div_visual_emb": 110.99751281738281, "final_eval/mean_div_proprio_emb": 0.7411142587661743}
