{"mpc/success_rate": 0.3, "mpc/mean_state_dist": 3.2490344047546387, "mpc/mean_visual_dist": 0.4552322491496599, "mpc/mean_proprio_dist": 1.2147221565246582, "mpc/mean_div_visual_emb": 132.07005310058594, "mpc/mean_div_proprio_emb": 1.660927176475525, "step": 1}
{"final_eval/success_rate": 0.3, "final_eval/mean_state_dist": 3.2490344047546387, "final_eval/mean_visual_dist": 0.4552322491496599, "final_eval/mean_proprio_dist": 1.2147221565246582, "final_eval/mean_div_visual_emb": 132.07005310058594, "final_eval/mean_div_proprio_emb": 1.660927176475525}
