{"mpc/success_rate": 1.0, "mpc/mean_state_dist": 2.441648483276367, "mpc/mean_visual_dist": 0.4203404017857143, "mpc/mean_proprio_dist": 0.822394847869873, "mpc/mean_div_visual_emb": 6.785299777984619, "mpc/mean_div_proprio_emb": 1.417839527130127, "step": 1}
{"final_eval/success_rate": 1.0, "final_eval/mean_state_dist": 2.441648483276367, "final_eval/mean_visual_dist": 0.4203404017857143, "final_eval/mean_proprio_dist": 0.822394847869873, "final_eval/mean_div_visual_emb": 6.785299777984619, "final_eval/mean_div_proprio_emb": 1.417839527130127}
