{"mpc/success_rate": 0.8, "mpc/mean_state_dist": 2.1440045833587646, "mpc/mean_visual_dist": 0.4409995973110199, "mpc/mean_proprio_dist": 1.1687785387039185, "mpc/mean_div_visual_emb": 13.957144737243652, "mpc/mean_div_proprio_emb": 3.8204188346862793, "step": 1}
{"final_eval/success_rate": 0.8, "final_eval/mean_state_dist": 2.1440045833587646, "final_eval/mean_visual_dist": 0.4409995973110199, "final_eval/mean_proprio_dist": 1.1687785387039185, "final_eval/mean_div_visual_emb": 13.957144737243652, "final_eval/mean_div_proprio_emb": 3.8204188346862793}
