{"mpc/success_rate": 1.0, "mpc/mean_state_dist": 2.026671886444092, "mpc/mean_visual_dist": 0.503707230091095, "mpc/mean_proprio_dist": 1.1933259963989258, "mpc/mean_div_visual_emb": 17.964731216430664, "mpc/mean_div_proprio_emb": 4.70908784866333, "step": 1}
{"final_eval/success_rate": 1.0, "final_eval/mean_state_dist": 2.026671886444092, "final_eval/mean_visual_dist": 0.503707230091095, "final_eval/mean_proprio_dist": 1.1933259963989258, "final_eval/mean_div_visual_emb": 17.964731216430664, "final_eval/mean_div_proprio_emb": 4.70908784866333}
