{"mpc/success_rate": 0.6, "mpc/mean_state_dist": 3.9412574768066406, "mpc/mean_visual_dist": 0.762319028377533, "mpc/mean_proprio_dist": 2.3400635719299316, "mpc/mean_div_visual_emb": 20.6989688873291, "mpc/mean_div_proprio_emb": 4.109829902648926, "step": 1}
{"final_eval/success_rate": 0.6, "final_eval/mean_state_dist": 3.9412574768066406, "final_eval/mean_visual_dist": 0.762319028377533, "final_eval/mean_proprio_dist": 2.3400635719299316, "final_eval/mean_div_visual_emb": 20.6989688873291, "final_eval/mean_div_proprio_emb": 4.109829902648926}
