{"mpc/success_rate": 0.4, "mpc/mean_state_dist": 2.5294055938720703, "mpc/mean_visual_dist": 0.4470802774234694, "mpc/mean_proprio_dist": 0.9418537020683289, "mpc/mean_div_visual_emb": 6.79083251953125, "mpc/mean_div_proprio_emb": 2.084402322769165, "step": 1}
{"final_eval/success_rate": 0.4, "final_eval/mean_state_dist": 2.5294055938720703, "final_eval/mean_visual_dist": 0.4470802774234694, "final_eval/mean_proprio_dist": 0.9418537020683289, "final_eval/mean_div_visual_emb": 6.79083251953125, "final_eval/mean_div_proprio_emb": 2.084402322769165}
