{"mpc/success_rate": 0.5, "mpc/mean_state_dist": 3.237774610519409, "mpc/mean_visual_dist": 0.4685380792942177, "mpc/mean_proprio_dist": 1.205858826637268, "mpc/mean_div_visual_emb": 5.682910442352295, "mpc/mean_div_proprio_emb": 2.488447666168213, "step": 1}
{"final_eval/success_rate": 0.5, "final_eval/mean_state_dist": 3.237774610519409, "final_eval/mean_visual_dist": 0.4685380792942177, "final_eval/mean_proprio_dist": 1.205858826637268, "final_eval/mean_div_visual_emb": 5.682910442352295, "final_eval/mean_div_proprio_emb": 2.488447666168213}
