{"mpc/success_rate": 0.5, "mpc/mean_state_dist": 2.9172120094299316, "mpc/mean_visual_dist": 0.4428770727040816, "mpc/mean_proprio_dist": 1.075069785118103, "mpc/mean_div_visual_emb": 4.926602840423584, "mpc/mean_div_proprio_emb": 1.7551920413970947, "step": 1}
{"final_eval/success_rate": 0.5, "final_eval/mean_state_dist": 2.9172120094299316, "final_eval/mean_visual_dist": 0.4428770727040816, "final_eval/mean_proprio_dist": 1.075069785118103, "final_eval/mean_div_visual_emb": 4.926602840423584, "final_eval/mean_div_proprio_emb": 1.7551920413970947}
