{"mpc/success_rate": 0.6, "mpc/mean_state_dist": 4.44246244430542, "mpc/mean_visual_dist": 0.9020155668258667, "mpc/mean_proprio_dist": 2.6261017322540283, "mpc/mean_div_visual_emb": 23.003114700317383, "mpc/mean_div_proprio_emb": 6.718679428100586, "step": 1}
{"final_eval/success_rate": 0.6, "final_eval/mean_state_dist": 4.44246244430542, "final_eval/mean_visual_dist": 0.9020155668258667, "final_eval/mean_proprio_dist": 2.6261017322540283, "final_eval/mean_div_visual_emb": 23.003114700317383, "final_eval/mean_div_proprio_emb": 6.718679428100586}
