{"mpc/success_rate": 1.0, "mpc/mean_state_dist": 0.9471102952957153, "mpc/mean_visual_dist": 0.23030875623226166, "mpc/mean_proprio_dist": 0.5464485287666321, "mpc/mean_div_visual_emb": 9.92541217803955, "mpc/mean_div_proprio_emb": 3.5966179370880127, "step": 1}
{"final_eval/success_rate": 1.0, "final_eval/mean_state_dist": 0.9471102952957153, "final_eval/mean_visual_dist": 0.23030875623226166, "final_eval/mean_proprio_dist": 0.5464485287666321, "final_eval/mean_div_visual_emb": 9.92541217803955, "final_eval/mean_div_proprio_emb": 3.5966179370880127}
