{"mpc/success_rate": 0.9, "mpc/mean_state_dist": 2.4108433723449707, "mpc/mean_visual_dist": 0.4963713586330414, "mpc/mean_proprio_dist": 1.553162932395935, "mpc/mean_div_visual_emb": 19.53322410583496, "mpc/mean_div_proprio_emb": 2.8327577114105225, "step": 1}
{"final_eval/success_rate": 0.9, "final_eval/mean_state_dist": 2.4108433723449707, "final_eval/mean_visual_dist": 0.4963713586330414, "final_eval/mean_proprio_dist": 1.553162932395935, "final_eval/mean_div_visual_emb": 19.53322410583496, "final_eval/mean_div_proprio_emb": 2.8327577114105225}
