{"mpc/success_rate": 0.8, "mpc/mean_state_dist": 6.747541904449463, "mpc/mean_visual_dist": 0.5353161096572876, "mpc/mean_proprio_dist": 4.475712776184082, "mpc/mean_div_visual_emb": 12.032613754272461, "mpc/mean_div_proprio_emb": 5.766313076019287, "step": 1}
{"final_eval/success_rate": 0.8, "final_eval/mean_state_dist": 6.747541904449463, "final_eval/mean_visual_dist": 0.5353161096572876, "final_eval/mean_proprio_dist": 4.475712776184082, "final_eval/mean_div_visual_emb": 12.032613754272461, "final_eval/mean_div_proprio_emb": 5.766313076019287}
