{"mpc/success_rate": 0.4, "mpc/mean_state_dist": 4.09539270401001, "mpc/mean_visual_dist": 0.46604551977040815, "mpc/mean_proprio_dist": 1.5220640897750854, "mpc/mean_div_visual_emb": 5.893889904022217, "mpc/mean_div_proprio_emb": 2.9700405597686768, "step": 1}
{"final_eval/success_rate": 0.4, "final_eval/mean_state_dist": 4.09539270401001, "final_eval/mean_visual_dist": 0.46604551977040815, "final_eval/mean_proprio_dist": 1.5220640897750854, "final_eval/mean_div_visual_emb": 5.893889904022217, "final_eval/mean_div_proprio_emb": 2.9700405597686768}
