{"mpc/success_rate": 0.5, "mpc/mean_state_dist": 2.3344244956970215, "mpc/mean_visual_dist": 0.5009785554846938, "mpc/mean_proprio_dist": 0.9385412335395813, "mpc/mean_div_visual_emb": 3.3718321323394775, "mpc/mean_div_proprio_emb": 1.7845995426177979, "step": 1}
{"final_eval/success_rate": 0.5, "final_eval/mean_state_dist": 2.3344244956970215, "final_eval/mean_visual_dist": 0.5009785554846938, "final_eval/mean_proprio_dist": 0.9385412335395813, "final_eval/mean_div_visual_emb": 3.3718321323394775, "final_eval/mean_div_proprio_emb": 1.7845995426177979}
