{"mpc/success_rate": 0.22, "mpc/mean_state_dist": 3.4251961708068848, "mpc/mean_visual_dist": 0.47077062074829934, "mpc/mean_proprio_dist": 1.3430328369140625, "mpc/mean_div_visual_emb": 11.366558074951172, "mpc/mean_div_proprio_emb": 2.0593347549438477, "step": 1}
{"final_eval/success_rate": 0.22, "final_eval/mean_state_dist": 3.4251961708068848, "final_eval/mean_visual_dist": 0.47077062074829934, "final_eval/mean_proprio_dist": 1.3430328369140625, "final_eval/mean_div_visual_emb": 11.366558074951172, "final_eval/mean_div_proprio_emb": 2.0593347549438477}
