{"mpc/success_rate": 0.5, "mpc/mean_state_dist": 3.2143986225128174, "mpc/mean_visual_dist": 0.4736414487670068, "mpc/mean_proprio_dist": 1.1488064527511597, "mpc/mean_div_visual_emb": 172.53221130371094, "mpc/mean_div_proprio_emb": 1.4839062690734863, "step": 1}
{"final_eval/success_rate": 0.5, "final_eval/mean_state_dist": 3.2143986225128174, "final_eval/mean_visual_dist": 0.4736414487670068, "final_eval/mean_proprio_dist": 1.1488064527511597, "final_eval/mean_div_visual_emb": 172.53221130371094, "final_eval/mean_div_proprio_emb": 1.4839062690734863}
