{"mpc/success_rate": 0.6, "mpc/mean_state_dist": 9.861552238464355, "mpc/mean_visual_dist": 0.5822442770004272, "mpc/mean_proprio_dist": 5.982822895050049, "mpc/mean_div_visual_emb": 12.08416748046875, "mpc/mean_div_proprio_emb": 2.4131643772125244, "step": 1}
{"final_eval/success_rate": 0.6, "final_eval/mean_state_dist": 9.861552238464355, "final_eval/mean_visual_dist": 0.5822442770004272, "final_eval/mean_proprio_dist": 5.982822895050049, "final_eval/mean_div_visual_emb": 12.08416748046875, "final_eval/mean_div_proprio_emb": 2.4131643772125244}
