{"mpc/success_rate": 0.4, "mpc/mean_state_dist": 2.751709461212158, "mpc/mean_visual_dist": 0.46035621279761907, "mpc/mean_proprio_dist": 1.105674147605896, "mpc/mean_div_visual_emb": 6.643976211547852, "mpc/mean_div_proprio_emb": 3.1285736560821533, "step": 1}
{"final_eval/success_rate": 0.4, "final_eval/mean_state_dist": 2.751709461212158, "final_eval/mean_visual_dist": 0.46035621279761907, "final_eval/mean_proprio_dist": 1.105674147605896, "final_eval/mean_div_visual_emb": 6.643976211547852, "final_eval/mean_div_proprio_emb": 3.1285736560821533}
