{"mpc/success_rate": 0.22, "mpc/mean_state_dist": 3.765305519104004, "mpc/mean_visual_dist": 0.48632440476190475, "mpc/mean_proprio_dist": 1.4529043436050415, "mpc/mean_div_visual_emb": 9.53993034362793, "mpc/mean_div_proprio_emb": 1.664732575416565, "step": 1}
{"mpc/success_rate": 0.26, "mpc/mean_state_dist": 4.144690036773682, "mpc/mean_visual_dist": 0.48103754783163266, "mpc/mean_proprio_dist": 1.6023285388946533, "mpc/mean_div_visual_emb": 12.831911087036133, "mpc/mean_div_proprio_emb": 3.2990059852600098, "step": 2}
{"mpc/success_rate": 0.34, "mpc/mean_state_dist": 3.9414305686950684, "mpc/mean_visual_dist": 0.4672767857142857, "mpc/mean_proprio_dist": 1.4898604154586792, "mpc/mean_div_visual_emb": 14.883259773254395, "mpc/mean_div_proprio_emb": 4.059526443481445, "step": 3}
{"mpc/success_rate": 0.36, "mpc/mean_state_dist": 3.406463623046875, "mpc/mean_visual_dist": 0.45286817070578234, "mpc/mean_proprio_dist": 1.3185856342315674, "mpc/mean_div_visual_emb": 14.100507736206055, "mpc/mean_div_proprio_emb": 5.110055923461914, "step": 4}
{"mpc/success_rate": 0.4, "mpc/mean_state_dist": 3.9612221717834473, "mpc/mean_visual_dist": 0.4559181016156463, "mpc/mean_proprio_dist": 1.5326446294784546, "mpc/mean_div_visual_emb": 16.768827438354492, "mpc/mean_div_proprio_emb": 5.733868598937988, "step": 5}
{"mpc/success_rate": 0.44, "mpc/mean_state_dist": 4.243238925933838, "mpc/mean_visual_dist": 0.4536956579506803, "mpc/mean_proprio_dist": 1.595080852508545, "mpc/mean_div_visual_emb": 18.25327491760254, "mpc/mean_div_proprio_emb": 7.44943904876709, "step": 6}
{"mpc/success_rate": 0.46, "mpc/mean_state_dist": 4.1641526222229, "mpc/mean_visual_dist": 0.457383343962585, "mpc/mean_proprio_dist": 1.536877155303955, "mpc/mean_div_visual_emb": 17.184724807739258, "mpc/mean_div_proprio_emb": 6.279615879058838, "step": 7}
{"mpc/success_rate": 0.52, "mpc/mean_state_dist": 4.20018196105957, "mpc/mean_visual_dist": 0.4413966836734694, "mpc/mean_proprio_dist": 1.5711455345153809, "mpc/mean_div_visual_emb": 15.667194366455078, "mpc/mean_div_proprio_emb": 6.450107574462891, "step": 8}
{"mpc/success_rate": 0.56, "mpc/mean_state_dist": 4.346696376800537, "mpc/mean_visual_dist": 0.4414398650085034, "mpc/mean_proprio_dist": 1.5844063758850098, "mpc/mean_div_visual_emb": 16.988216400146484, "mpc/mean_div_proprio_emb": 7.082382678985596, "step": 9}
{"mpc/success_rate": 0.64, "mpc/mean_state_dist": 4.426858901977539, "mpc/mean_visual_dist": 0.43510868409863945, "mpc/mean_proprio_dist": 1.5424368381500244, "mpc/mean_div_visual_emb": 17.337982177734375, "mpc/mean_div_proprio_emb": 7.221786022186279, "step": 10}
{"mpc/success_rate": 0.68, "mpc/mean_state_dist": 4.298370838165283, "mpc/mean_visual_dist": 0.42954546662414966, "mpc/mean_proprio_dist": 1.5032333135604858, "mpc/mean_div_visual_emb": 17.652151107788086, "mpc/mean_div_proprio_emb": 7.374329090118408, "step": 11}
{"mpc/success_rate": 0.68, "mpc/mean_state_dist": 3.981790781021118, "mpc/mean_visual_dist": 0.4242610012755102, "mpc/mean_proprio_dist": 1.3938335180282593, "mpc/mean_div_visual_emb": 17.489953994750977, "mpc/mean_div_proprio_emb": 7.134505748748779, "step": 12}
{"mpc/success_rate": 0.68, "mpc/mean_state_dist": 4.017186641693115, "mpc/mean_visual_dist": 0.42380859375, "mpc/mean_proprio_dist": 1.401963472366333, "mpc/mean_div_visual_emb": 17.016599655151367, "mpc/mean_div_proprio_emb": 6.145318508148193, "step": 13}
{"mpc/success_rate": 0.7, "mpc/mean_state_dist": 4.081623077392578, "mpc/mean_visual_dist": 0.4258648224914966, "mpc/mean_proprio_dist": 1.439036250114441, "mpc/mean_div_visual_emb": 16.468952178955078, "mpc/mean_div_proprio_emb": 6.222280979156494, "step": 14}
{"mpc/success_rate": 0.72, "mpc/mean_state_dist": 4.1715521812438965, "mpc/mean_visual_dist": 0.4251595716411565, "mpc/mean_proprio_dist": 1.4599356651306152, "mpc/mean_div_visual_emb": 17.830364227294922, "mpc/mean_div_proprio_emb": 6.792271614074707, "step": 15}
{"mpc/success_rate": 0.72, "mpc/mean_state_dist": 4.002299785614014, "mpc/mean_visual_dist": 0.4277303890306122, "mpc/mean_proprio_dist": 1.414076566696167, "mpc/mean_div_visual_emb": 17.325984954833984, "mpc/mean_div_proprio_emb": 7.24594259262085, "step": 16}
{"mpc/success_rate": 0.72, "mpc/mean_state_dist": 4.069486618041992, "mpc/mean_visual_dist": 0.4270243409863946, "mpc/mean_proprio_dist": 1.4272949695587158, "mpc/mean_div_visual_emb": 17.314712524414062, "mpc/mean_div_proprio_emb": 6.7593770027160645, "step": 17}
{"mpc/success_rate": 0.74, "mpc/mean_state_dist": 4.112898349761963, "mpc/mean_visual_dist": 0.4225845025510204, "mpc/mean_proprio_dist": 1.4243850708007812, "mpc/mean_div_visual_emb": 16.279197692871094, "mpc/mean_div_proprio_emb": 6.716993808746338, "step": 18}
{"mpc/success_rate": 0.74, "mpc/mean_state_dist": 4.1018900871276855, "mpc/mean_visual_dist": 0.42715601084183674, "mpc/mean_proprio_dist": 1.4130672216415405, "mpc/mean_div_visual_emb": 17.530731201171875, "mpc/mean_div_proprio_emb": 7.014623165130615, "step": 19}
{"mpc/success_rate": 0.76, "mpc/mean_state_dist": 4.194401264190674, "mpc/mean_visual_dist": 0.4190679474914966, "mpc/mean_proprio_dist": 1.4406553506851196, "mpc/mean_div_visual_emb": 17.26380729675293, "mpc/mean_div_proprio_emb": 7.2140398025512695, "step": 20}
{"final_eval/success_rate": 0.76, "final_eval/mean_state_dist": 4.194401264190674, "final_eval/mean_visual_dist": 0.4190679474914966, "final_eval/mean_proprio_dist": 1.4406553506851196, "final_eval/mean_div_visual_emb": 17.26380729675293, "final_eval/mean_div_proprio_emb": 7.2140398025512695}
