{"mpc/success_rate": 1.0, "mpc/mean_state_dist": 1.9886068105697632, "mpc/mean_visual_dist": 0.44135811924934387, "mpc/mean_proprio_dist": 1.1895009279251099, "mpc/mean_div_visual_emb": 12.586345672607422, "mpc/mean_div_proprio_emb": 5.598205089569092, "step": 1}
{"final_eval/success_rate": 1.0, "final_eval/mean_state_dist": 1.9886068105697632, "final_eval/mean_visual_dist": 0.44135811924934387, "final_eval/mean_proprio_dist": 1.1895009279251099, "final_eval/mean_div_visual_emb": 12.586345672607422, "final_eval/mean_div_proprio_emb": 5.598205089569092}
