{"mpc/success_rate": 0.4, "mpc/mean_state_dist": 3.6257717609405518, "mpc/mean_visual_dist": 0.4507247821003401, "mpc/mean_proprio_dist": 1.484989881515503, "mpc/mean_div_visual_emb": 165.52777099609375, "mpc/mean_div_proprio_emb": 3.807673931121826, "step": 1}
{"final_eval/success_rate": 0.4, "final_eval/mean_state_dist": 3.6257717609405518, "final_eval/mean_visual_dist": 0.4507247821003401, "final_eval/mean_proprio_dist": 1.484989881515503, "final_eval/mean_div_visual_emb": 165.52777099609375, "final_eval/mean_div_proprio_emb": 3.807673931121826}
