{"mpc/success_rate": 0.4, "mpc/mean_state_dist": 3.4778313636779785, "mpc/mean_visual_dist": 0.48826132015306123, "mpc/mean_proprio_dist": 1.3205697536468506, "mpc/mean_div_visual_emb": 5.487437725067139, "mpc/mean_div_proprio_emb": 1.4308117628097534, "step": 1}
{"final_eval/success_rate": 0.4, "final_eval/mean_state_dist": 3.4778313636779785, "final_eval/mean_visual_dist": 0.48826132015306123, "final_eval/mean_proprio_dist": 1.3205697536468506, "final_eval/mean_div_visual_emb": 5.487437725067139, "final_eval/mean_div_proprio_emb": 1.4308117628097534}
