{"mpc/success_rate": 0.3, "mpc/mean_state_dist": 3.1106514930725098, "mpc/mean_visual_dist": 0.50927734375, "mpc/mean_proprio_dist": 1.2795780897140503, "mpc/mean_div_visual_emb": 3.486689567565918, "mpc/mean_div_proprio_emb": 2.821671485900879, "step": 1}
{"final_eval/success_rate": 0.3, "final_eval/mean_state_dist": 3.1106514930725098, "final_eval/mean_visual_dist": 0.50927734375, "final_eval/mean_proprio_dist": 1.2795780897140503, "final_eval/mean_div_visual_emb": 3.486689567565918, "final_eval/mean_div_proprio_emb": 2.821671485900879}
