{"mpc/success_rate": 0.9, "mpc/mean_state_dist": 2.932032585144043, "mpc/mean_visual_dist": 0.5669225454330444, "mpc/mean_proprio_dist": 1.6350224018096924, "mpc/mean_div_visual_emb": 22.68822479248047, "mpc/mean_div_proprio_emb": 5.09494161605835, "step": 1}
{"final_eval/success_rate": 0.9, "final_eval/mean_state_dist": 2.932032585144043, "final_eval/mean_visual_dist": 0.5669225454330444, "final_eval/mean_proprio_dist": 1.6350224018096924, "final_eval/mean_div_visual_emb": 22.68822479248047, "final_eval/mean_div_proprio_emb": 5.09494161605835}
