{"mpc/success_rate": 1.0, "mpc/mean_state_dist": 1.7272498607635498, "mpc/mean_visual_dist": 0.4432624280452728, "mpc/mean_proprio_dist": 0.9646047353744507, "mpc/mean_div_visual_emb": 11.876081466674805, "mpc/mean_div_proprio_emb": 4.5014824867248535, "step": 1}
{"final_eval/success_rate": 1.0, "final_eval/mean_state_dist": 1.7272498607635498, "final_eval/mean_visual_dist": 0.4432624280452728, "final_eval/mean_proprio_dist": 0.9646047353744507, "final_eval/mean_div_visual_emb": 11.876081466674805, "final_eval/mean_div_proprio_emb": 4.5014824867248535}
