{"mpc/success_rate": 0.4, "mpc/mean_state_dist": 3.4755280017852783, "mpc/mean_visual_dist": 0.49505872661564626, "mpc/mean_proprio_dist": 1.2929205894470215, "mpc/mean_div_visual_emb": 5.698845863342285, "mpc/mean_div_proprio_emb": 1.5793342590332031, "step": 1}
{"final_eval/success_rate": 0.4, "final_eval/mean_state_dist": 3.4755280017852783, "final_eval/mean_visual_dist": 0.49505872661564626, "final_eval/mean_proprio_dist": 1.2929205894470215, "final_eval/mean_div_visual_emb": 5.698845863342285, "final_eval/mean_div_proprio_emb": 1.5793342590332031}
