{"mpc/success_rate": 0.14, "mpc/mean_state_dist": 3.556941509246826, "mpc/mean_visual_dist": 0.5112250212585034, "mpc/mean_proprio_dist": 1.3926047086715698, "mpc/mean_div_visual_emb": 9.423025131225586, "mpc/mean_div_proprio_emb": 2.1395328044891357, "step": 1}
{"mpc/success_rate": 0.16, "mpc/mean_state_dist": 4.202716827392578, "mpc/mean_visual_dist": 0.5196169483418367, "mpc/mean_proprio_dist": 1.5821664333343506, "mpc/mean_div_visual_emb": 12.538227081298828, "mpc/mean_div_proprio_emb": 2.3409299850463867, "step": 2}
{"mpc/success_rate": 0.26, "mpc/mean_state_dist": 4.132692337036133, "mpc/mean_visual_dist": 0.5076472151360544, "mpc/mean_proprio_dist": 1.5349715948104858, "mpc/mean_div_visual_emb": 13.386022567749023, "mpc/mean_div_proprio_emb": 3.315627098083496, "step": 3}
{"mpc/success_rate": 0.36, "mpc/mean_state_dist": 4.211205005645752, "mpc/mean_visual_dist": 0.4906324404761905, "mpc/mean_proprio_dist": 1.5157115459442139, "mpc/mean_div_visual_emb": 14.744423866271973, "mpc/mean_div_proprio_emb": 5.860764503479004, "step": 4}
{"mpc/success_rate": 0.4, "mpc/mean_state_dist": 3.896120309829712, "mpc/mean_visual_dist": 0.4909708492772109, "mpc/mean_proprio_dist": 1.498327612876892, "mpc/mean_div_visual_emb": 15.707721710205078, "mpc/mean_div_proprio_emb": 7.754444599151611, "step": 5}
{"mpc/success_rate": 0.44, "mpc/mean_state_dist": 4.386066436767578, "mpc/mean_visual_dist": 0.49688948235544217, "mpc/mean_proprio_dist": 1.640289306640625, "mpc/mean_div_visual_emb": 17.224863052368164, "mpc/mean_div_proprio_emb": 9.689445495605469, "step": 6}
{"mpc/success_rate": 0.5, "mpc/mean_state_dist": 4.540011405944824, "mpc/mean_visual_dist": 0.48818000637755105, "mpc/mean_proprio_dist": 1.6536507606506348, "mpc/mean_div_visual_emb": 18.633075714111328, "mpc/mean_div_proprio_emb": 7.505218505859375, "step": 7}
{"mpc/success_rate": 0.52, "mpc/mean_state_dist": 4.318470001220703, "mpc/mean_visual_dist": 0.48502311862244896, "mpc/mean_proprio_dist": 1.6192224025726318, "mpc/mean_div_visual_emb": 17.127201080322266, "mpc/mean_div_proprio_emb": 8.336167335510254, "step": 8}
{"mpc/success_rate": 0.54, "mpc/mean_state_dist": 4.338620185852051, "mpc/mean_visual_dist": 0.48685148278061224, "mpc/mean_proprio_dist": 1.6078197956085205, "mpc/mean_div_visual_emb": 16.79804801940918, "mpc/mean_div_proprio_emb": 7.491856575012207, "step": 9}
{"mpc/success_rate": 0.54, "mpc/mean_state_dist": 4.355645179748535, "mpc/mean_visual_dist": 0.4843757971938776, "mpc/mean_proprio_dist": 1.6264691352844238, "mpc/mean_div_visual_emb": 16.660070419311523, "mpc/mean_div_proprio_emb": 7.8619384765625, "step": 10}
{"mpc/success_rate": 0.56, "mpc/mean_state_dist": 4.194528102874756, "mpc/mean_visual_dist": 0.47313921662414965, "mpc/mean_proprio_dist": 1.579217553138733, "mpc/mean_div_visual_emb": 16.31065559387207, "mpc/mean_div_proprio_emb": 7.840394973754883, "step": 11}
{"mpc/success_rate": 0.58, "mpc/mean_state_dist": 4.5633978843688965, "mpc/mean_visual_dist": 0.4697051711309524, "mpc/mean_proprio_dist": 1.6804183721542358, "mpc/mean_div_visual_emb": 19.31277084350586, "mpc/mean_div_proprio_emb": 7.837985992431641, "step": 12}
{"mpc/success_rate": 0.58, "mpc/mean_state_dist": 4.060248851776123, "mpc/mean_visual_dist": 0.4716262755102041, "mpc/mean_proprio_dist": 1.4996696710586548, "mpc/mean_div_visual_emb": 17.43788719177246, "mpc/mean_div_proprio_emb": 7.898444175720215, "step": 13}
{"mpc/success_rate": 0.6, "mpc/mean_state_dist": 4.2643280029296875, "mpc/mean_visual_dist": 0.47205636160714287, "mpc/mean_proprio_dist": 1.5658420324325562, "mpc/mean_div_visual_emb": 15.820645332336426, "mpc/mean_div_proprio_emb": 7.546691417694092, "step": 14}
{"mpc/success_rate": 0.62, "mpc/mean_state_dist": 4.117291450500488, "mpc/mean_visual_dist": 0.47077301232993196, "mpc/mean_proprio_dist": 1.5063477754592896, "mpc/mean_div_visual_emb": 15.95748519897461, "mpc/mean_div_proprio_emb": 7.5384111404418945, "step": 15}
{"mpc/success_rate": 0.64, "mpc/mean_state_dist": 4.062356472015381, "mpc/mean_visual_dist": 0.4694409013605442, "mpc/mean_proprio_dist": 1.4685347080230713, "mpc/mean_div_visual_emb": 17.235248565673828, "mpc/mean_div_proprio_emb": 7.605037689208984, "step": 16}
{"mpc/success_rate": 0.68, "mpc/mean_state_dist": 4.230368614196777, "mpc/mean_visual_dist": 0.4644515306122449, "mpc/mean_proprio_dist": 1.516265869140625, "mpc/mean_div_visual_emb": 16.866079330444336, "mpc/mean_div_proprio_emb": 7.83059024810791, "step": 17}
{"mpc/success_rate": 0.7, "mpc/mean_state_dist": 4.141998291015625, "mpc/mean_visual_dist": 0.46343377976190475, "mpc/mean_proprio_dist": 1.4843573570251465, "mpc/mean_div_visual_emb": 16.18840789794922, "mpc/mean_div_proprio_emb": 8.554903984069824, "step": 18}
{"mpc/success_rate": 0.72, "mpc/mean_state_dist": 4.278013229370117, "mpc/mean_visual_dist": 0.46220304528061223, "mpc/mean_proprio_dist": 1.5370855331420898, "mpc/mean_div_visual_emb": 17.46877098083496, "mpc/mean_div_proprio_emb": 8.673351287841797, "step": 19}
{"mpc/success_rate": 0.72, "mpc/mean_state_dist": 4.271323204040527, "mpc/mean_visual_dist": 0.4626949139030612, "mpc/mean_proprio_dist": 1.513738751411438, "mpc/mean_div_visual_emb": 17.751577377319336, "mpc/mean_div_proprio_emb": 8.194820404052734, "step": 20}
{"final_eval/success_rate": 0.72, "final_eval/mean_state_dist": 4.271323204040527, "final_eval/mean_visual_dist": 0.4626949139030612, "final_eval/mean_proprio_dist": 1.513738751411438, "final_eval/mean_div_visual_emb": 17.751577377319336, "final_eval/mean_div_proprio_emb": 8.194820404052734}
