{"mpc/success_rate": 0.22, "mpc/mean_state_dist": 3.3731634616851807, "mpc/mean_visual_dist": 0.4847091571003401, "mpc/mean_proprio_dist": 1.314258098602295, "mpc/mean_div_visual_emb": 14.936149597167969, "mpc/mean_div_proprio_emb": 4.683955192565918, "step": 1}
{"final_eval/success_rate": 0.22, "final_eval/mean_state_dist": 3.3731634616851807, "final_eval/mean_visual_dist": 0.4847091571003401, "final_eval/mean_proprio_dist": 1.314258098602295, "final_eval/mean_div_visual_emb": 14.936149597167969, "final_eval/mean_div_proprio_emb": 4.683955192565918}
