{"mpc/success_rate": 0.9, "mpc/mean_state_dist": 6.954134464263916, "mpc/mean_visual_dist": 0.4720612168312073, "mpc/mean_proprio_dist": 3.8847908973693848, "mpc/mean_div_visual_emb": 9.701451301574707, "mpc/mean_div_proprio_emb": 2.2046751976013184, "step": 1}
{"final_eval/success_rate": 0.9, "final_eval/mean_state_dist": 6.954134464263916, "final_eval/mean_visual_dist": 0.4720612168312073, "final_eval/mean_proprio_dist": 3.8847908973693848, "final_eval/mean_div_visual_emb": 9.701451301574707, "final_eval/mean_div_proprio_emb": 2.2046751976013184}
