{"mpc/success_rate": 1.0, "mpc/mean_state_dist": 1.7833645343780518, "mpc/mean_visual_dist": 0.4241272509098053, "mpc/mean_proprio_dist": 1.125722885131836, "mpc/mean_div_visual_emb": 19.26429557800293, "mpc/mean_div_proprio_emb": 2.5410571098327637, "step": 1}
{"final_eval/success_rate": 1.0, "final_eval/mean_state_dist": 1.7833645343780518, "final_eval/mean_visual_dist": 0.4241272509098053, "final_eval/mean_proprio_dist": 1.125722885131836, "final_eval/mean_div_visual_emb": 19.26429557800293, "final_eval/mean_div_proprio_emb": 2.5410571098327637}
