{"mpc/success_rate": 0.5, "mpc/mean_state_dist": 3.4140915870666504, "mpc/mean_visual_dist": 0.4123491974914966, "mpc/mean_proprio_dist": 1.2120808362960815, "mpc/mean_div_visual_emb": 5.093660354614258, "mpc/mean_div_proprio_emb": 1.6805152893066406, "step": 1}
{"final_eval/success_rate": 0.5, "final_eval/mean_state_dist": 3.4140915870666504, "final_eval/mean_visual_dist": 0.4123491974914966, "final_eval/mean_proprio_dist": 1.2120808362960815, "final_eval/mean_div_visual_emb": 5.093660354614258, "final_eval/mean_div_proprio_emb": 1.6805152893066406}
