{"mpc/success_rate": 0.8, "mpc/mean_state_dist": 3.0860142707824707, "mpc/mean_visual_dist": 0.6250920295715332, "mpc/mean_proprio_dist": 1.8144938945770264, "mpc/mean_div_visual_emb": 20.794017791748047, "mpc/mean_div_proprio_emb": 3.6519100666046143, "step": 1}
{"final_eval/success_rate": 0.8, "final_eval/mean_state_dist": 3.0860142707824707, "final_eval/mean_visual_dist": 0.6250920295715332, "final_eval/mean_proprio_dist": 1.8144938945770264, "final_eval/mean_div_visual_emb": 20.794017791748047, "final_eval/mean_div_proprio_emb": 3.6519100666046143}
