{"mpc/success_rate": 0.4, "mpc/mean_state_dist": 3.000074625015259, "mpc/mean_visual_dist": 0.4460146949404762, "mpc/mean_proprio_dist": 1.2008906602859497, "mpc/mean_div_visual_emb": 123.45556640625, "mpc/mean_div_proprio_emb": 1.0603502988815308, "step": 1}
{"final_eval/success_rate": 0.4, "final_eval/mean_state_dist": 3.000074625015259, "final_eval/mean_visual_dist": 0.4460146949404762, "final_eval/mean_proprio_dist": 1.2008906602859497, "final_eval/mean_div_visual_emb": 123.45556640625, "final_eval/mean_div_proprio_emb": 1.0603502988815308}
