{"mpc/success_rate": 1.0, "mpc/mean_state_dist": 2.121670961380005, "mpc/mean_visual_dist": 0.3890452274659864, "mpc/mean_proprio_dist": 0.6701361536979675, "mpc/mean_div_visual_emb": 7.3081865310668945, "mpc/mean_div_proprio_emb": 1.0739341974258423, "step": 1}
{"final_eval/success_rate": 1.0, "final_eval/mean_state_dist": 2.121670961380005, "final_eval/mean_visual_dist": 0.3890452274659864, "final_eval/mean_proprio_dist": 0.6701361536979675, "final_eval/mean_div_visual_emb": 7.3081865310668945, "final_eval/mean_div_proprio_emb": 1.0739341974258423}
