{"mpc/success_rate": 1.0, "mpc/mean_state_dist": 1.4961832761764526, "mpc/mean_visual_dist": 0.37088051438331604, "mpc/mean_proprio_dist": 0.8602359890937805, "mpc/mean_div_visual_emb": 13.059865951538086, "mpc/mean_div_proprio_emb": 5.3685622215271, "step": 1}
{"final_eval/success_rate": 1.0, "final_eval/mean_state_dist": 1.4961832761764526, "final_eval/mean_visual_dist": 0.37088051438331604, "final_eval/mean_proprio_dist": 0.8602359890937805, "final_eval/mean_div_visual_emb": 13.059865951538086, "final_eval/mean_div_proprio_emb": 5.3685622215271}
