{"mpc/success_rate": 0.9, "mpc/mean_state_dist": 6.515894889831543, "mpc/mean_visual_dist": 0.47559428215026855, "mpc/mean_proprio_dist": 3.5474116802215576, "mpc/mean_div_visual_emb": 10.955842971801758, "mpc/mean_div_proprio_emb": 4.55153751373291, "step": 1}
{"final_eval/success_rate": 0.9, "final_eval/mean_state_dist": 6.515894889831543, "final_eval/mean_visual_dist": 0.47559428215026855, "final_eval/mean_proprio_dist": 3.5474116802215576, "final_eval/mean_div_visual_emb": 10.955842971801758, "final_eval/mean_div_proprio_emb": 4.55153751373291}
