{"mpc/success_rate": 0.5, "mpc/mean_state_dist": 3.545963764190674, "mpc/mean_visual_dist": 0.4671529549319728, "mpc/mean_proprio_dist": 1.2702960968017578, "mpc/mean_div_visual_emb": 6.659550666809082, "mpc/mean_div_proprio_emb": 2.106645345687866, "step": 1}
{"final_eval/success_rate": 0.5, "final_eval/mean_state_dist": 3.545963764190674, "final_eval/mean_visual_dist": 0.4671529549319728, "final_eval/mean_proprio_dist": 1.2702960968017578, "final_eval/mean_div_visual_emb": 6.659550666809082, "final_eval/mean_div_proprio_emb": 2.106645345687866}
