{"mpc/success_rate": 0.1, "mpc/mean_state_dist": 3.3827362060546875, "mpc/mean_visual_dist": 0.47512157206632655, "mpc/mean_proprio_dist": 1.3306196928024292, "mpc/mean_div_visual_emb": 178.97557067871094, "mpc/mean_div_proprio_emb": 1.7256410121917725, "step": 1}
{"final_eval/success_rate": 0.1, "final_eval/mean_state_dist": 3.3827362060546875, "final_eval/mean_visual_dist": 0.47512157206632655, "final_eval/mean_proprio_dist": 1.3306196928024292, "final_eval/mean_div_visual_emb": 178.97557067871094, "final_eval/mean_div_proprio_emb": 1.7256410121917725}
