{"mpc/success_rate": 0.28, "mpc/mean_state_dist": 3.2646329402923584, "mpc/mean_visual_dist": 0.4654801764455782, "mpc/mean_proprio_dist": 1.2760207653045654, "mpc/mean_div_visual_emb": 13.691695213317871, "mpc/mean_div_proprio_emb": 3.6386842727661133, "step": 1}
{"final_eval/success_rate": 0.28, "final_eval/mean_state_dist": 3.2646329402923584, "final_eval/mean_visual_dist": 0.4654801764455782, "final_eval/mean_proprio_dist": 1.2760207653045654, "final_eval/mean_div_visual_emb": 13.691695213317871, "final_eval/mean_div_proprio_emb": 3.6386842727661133}
