{"mpc/success_rate": 1.0, "mpc/mean_state_dist": 2.0664806365966797, "mpc/mean_visual_dist": 0.4966479241847992, "mpc/mean_proprio_dist": 1.163554310798645, "mpc/mean_div_visual_emb": 13.592741012573242, "mpc/mean_div_proprio_emb": 5.439163684844971, "step": 1}
{"final_eval/success_rate": 1.0, "final_eval/mean_state_dist": 2.0664806365966797, "final_eval/mean_visual_dist": 0.4966479241847992, "final_eval/mean_proprio_dist": 1.163554310798645, "final_eval/mean_div_visual_emb": 13.592741012573242, "final_eval/mean_div_proprio_emb": 5.439163684844971}
