{"mpc/success_rate": 0.6, "mpc/mean_state_dist": 3.238584518432617, "mpc/mean_visual_dist": 0.5278240593112244, "mpc/mean_proprio_dist": 1.2436037063598633, "mpc/mean_div_visual_emb": 5.905577659606934, "mpc/mean_div_proprio_emb": 1.8404793739318848, "step": 1}
{"final_eval/success_rate": 0.6, "final_eval/mean_state_dist": 3.238584518432617, "final_eval/mean_visual_dist": 0.5278240593112244, "final_eval/mean_proprio_dist": 1.2436037063598633, "final_eval/mean_div_visual_emb": 5.905577659606934, "final_eval/mean_div_proprio_emb": 1.8404793739318848}
