{"mpc/success_rate": 0.0, "mpc/mean_state_dist": 3.713413953781128, "mpc/mean_visual_dist": 0.5136187287414966, "mpc/mean_proprio_dist": 1.4579370021820068, "mpc/mean_div_visual_emb": 3.5125491619110107, "mpc/mean_div_proprio_emb": 2.743380546569824, "step": 1}
{"final_eval/success_rate": 0.0, "final_eval/mean_state_dist": 3.713413953781128, "final_eval/mean_visual_dist": 0.5136187287414966, "final_eval/mean_proprio_dist": 1.4579370021820068, "final_eval/mean_div_visual_emb": 3.5125491619110107, "final_eval/mean_div_proprio_emb": 2.743380546569824}
