{"mpc/success_rate": 0.9, "mpc/mean_state_dist": 2.3406741619110107, "mpc/mean_visual_dist": 0.6138393878936768, "mpc/mean_proprio_dist": 1.3410987854003906, "mpc/mean_div_visual_emb": 13.91667366027832, "mpc/mean_div_proprio_emb": 4.739399433135986, "step": 1}
{"final_eval/success_rate": 0.9, "final_eval/mean_state_dist": 2.3406741619110107, "final_eval/mean_visual_dist": 0.6138393878936768, "final_eval/mean_proprio_dist": 1.3410987854003906, "final_eval/mean_div_visual_emb": 13.91667366027832, "final_eval/mean_div_proprio_emb": 4.739399433135986}
