{"mpc/success_rate": 0.8, "mpc/mean_state_dist": 6.500423431396484, "mpc/mean_visual_dist": 0.43445464968681335, "mpc/mean_proprio_dist": 3.484961986541748, "mpc/mean_div_visual_emb": 217.14854431152344, "mpc/mean_div_proprio_emb": 6.3434648513793945, "step": 1}
{"final_eval/success_rate": 0.8, "final_eval/mean_state_dist": 6.500423431396484, "final_eval/mean_visual_dist": 0.43445464968681335, "final_eval/mean_proprio_dist": 3.484961986541748, "final_eval/mean_div_visual_emb": 217.14854431152344, "final_eval/mean_div_proprio_emb": 6.3434648513793945}
