{"mpc/success_rate": 0.3, "mpc/mean_state_dist": 2.4715752601623535, "mpc/mean_visual_dist": 0.48244180484693877, "mpc/mean_proprio_dist": 0.9245028495788574, "mpc/mean_div_visual_emb": 5.616422653198242, "mpc/mean_div_proprio_emb": 1.6519314050674438, "step": 1}
{"final_eval/success_rate": 0.3, "final_eval/mean_state_dist": 2.4715752601623535, "final_eval/mean_visual_dist": 0.48244180484693877, "final_eval/mean_proprio_dist": 0.9245028495788574, "final_eval/mean_div_visual_emb": 5.616422653198242, "final_eval/mean_div_proprio_emb": 1.6519314050674438}
