{"mpc/success_rate": 0.4, "mpc/mean_state_dist": 3.3374366760253906, "mpc/mean_visual_dist": 0.44082496279761907, "mpc/mean_proprio_dist": 1.212414026260376, "mpc/mean_div_visual_emb": 131.44137573242188, "mpc/mean_div_proprio_emb": 1.065322756767273, "step": 1}
{"final_eval/success_rate": 0.4, "final_eval/mean_state_dist": 3.3374366760253906, "final_eval/mean_visual_dist": 0.44082496279761907, "final_eval/mean_proprio_dist": 1.212414026260376, "final_eval/mean_div_visual_emb": 131.44137573242188, "final_eval/mean_div_proprio_emb": 1.065322756767273}
