{"mpc/success_rate": 0.5, "mpc/mean_state_dist": 2.950798511505127, "mpc/mean_visual_dist": 0.4595264668367347, "mpc/mean_proprio_dist": 1.1833468675613403, "mpc/mean_div_visual_emb": 5.549274921417236, "mpc/mean_div_proprio_emb": 2.0471768379211426, "step": 1}
{"final_eval/success_rate": 0.5, "final_eval/mean_state_dist": 2.950798511505127, "final_eval/mean_visual_dist": 0.4595264668367347, "final_eval/mean_proprio_dist": 1.1833468675613403, "final_eval/mean_div_visual_emb": 5.549274921417236, "final_eval/mean_div_proprio_emb": 2.0471768379211426}
