{"mpc/success_rate": 0.36, "mpc/mean_state_dist": 3.138183355331421, "mpc/mean_visual_dist": 0.4501971726190476, "mpc/mean_proprio_dist": 1.1818571090698242, "mpc/mean_div_visual_emb": 15.654669761657715, "mpc/mean_div_proprio_emb": 4.860144138336182, "step": 1}
{"final_eval/success_rate": 0.36, "final_eval/mean_state_dist": 3.138183355331421, "final_eval/mean_visual_dist": 0.4501971726190476, "final_eval/mean_proprio_dist": 1.1818571090698242, "final_eval/mean_div_visual_emb": 15.654669761657715, "final_eval/mean_div_proprio_emb": 4.860144138336182}
