{"mpc/success_rate": 1.0, "mpc/mean_state_dist": 2.3578109741210938, "mpc/mean_visual_dist": 0.3678637861394558, "mpc/mean_proprio_dist": 0.7433199882507324, "mpc/mean_div_visual_emb": 6.8892903327941895, "mpc/mean_div_proprio_emb": 1.2227402925491333, "step": 1}
{"final_eval/success_rate": 1.0, "final_eval/mean_state_dist": 2.3578109741210938, "final_eval/mean_visual_dist": 0.3678637861394558, "final_eval/mean_proprio_dist": 0.7433199882507324, "final_eval/mean_div_visual_emb": 6.8892903327941895, "final_eval/mean_div_proprio_emb": 1.2227402925491333}
