{"mpc/success_rate": 0.5, "mpc/mean_state_dist": 3.4356131553649902, "mpc/mean_visual_dist": 0.4732880261479592, "mpc/mean_proprio_dist": 1.1858099699020386, "mpc/mean_div_visual_emb": 5.4834747314453125, "mpc/mean_div_proprio_emb": 2.3159186840057373, "step": 1}
{"final_eval/success_rate": 0.5, "final_eval/mean_state_dist": 3.4356131553649902, "final_eval/mean_visual_dist": 0.4732880261479592, "final_eval/mean_proprio_dist": 1.1858099699020386, "final_eval/mean_div_visual_emb": 5.4834747314453125, "final_eval/mean_div_proprio_emb": 2.3159186840057373}
