{"mpc/success_rate": 1.0, "mpc/mean_state_dist": 1.4462089538574219, "mpc/mean_visual_dist": 0.33674776554107666, "mpc/mean_proprio_dist": 0.8069779276847839, "mpc/mean_div_visual_emb": 9.333786010742188, "mpc/mean_div_proprio_emb": 2.6413862705230713, "step": 1}
{"final_eval/success_rate": 1.0, "final_eval/mean_state_dist": 1.4462089538574219, "final_eval/mean_visual_dist": 0.33674776554107666, "final_eval/mean_proprio_dist": 0.8069779276847839, "final_eval/mean_div_visual_emb": 9.333786010742188, "final_eval/mean_div_proprio_emb": 2.6413862705230713}
