{"mpc/success_rate": 0.7, "mpc/mean_state_dist": 2.934283494949341, "mpc/mean_visual_dist": 0.47110836522108845, "mpc/mean_proprio_dist": 1.1164090633392334, "mpc/mean_div_visual_emb": 5.285048961639404, "mpc/mean_div_proprio_emb": 1.3433079719543457, "step": 1}
{"final_eval/success_rate": 0.7, "final_eval/mean_state_dist": 2.934283494949341, "final_eval/mean_visual_dist": 0.47110836522108845, "final_eval/mean_proprio_dist": 1.1164090633392334, "final_eval/mean_div_visual_emb": 5.285048961639404, "final_eval/mean_div_proprio_emb": 1.3433079719543457}
