{"mpc/success_rate": 0.8, "mpc/mean_state_dist": 4.438266754150391, "mpc/mean_visual_dist": 0.5868501663208008, "mpc/mean_proprio_dist": 2.6795058250427246, "mpc/mean_div_visual_emb": 16.29804039001465, "mpc/mean_div_proprio_emb": 4.505736351013184, "step": 1}
{"final_eval/success_rate": 0.8, "final_eval/mean_state_dist": 4.438266754150391, "final_eval/mean_visual_dist": 0.5868501663208008, "final_eval/mean_proprio_dist": 2.6795058250427246, "final_eval/mean_div_visual_emb": 16.29804039001465, "final_eval/mean_div_proprio_emb": 4.505736351013184}
