{"mpc/success_rate": 0.4, "mpc/mean_state_dist": 3.5643539428710938, "mpc/mean_visual_dist": 0.42801405718537416, "mpc/mean_proprio_dist": 1.3178868293762207, "mpc/mean_div_visual_emb": 118.70097351074219, "mpc/mean_div_proprio_emb": 0.9412892460823059, "step": 1}
{"final_eval/success_rate": 0.4, "final_eval/mean_state_dist": 3.5643539428710938, "final_eval/mean_visual_dist": 0.42801405718537416, "final_eval/mean_proprio_dist": 1.3178868293762207, "final_eval/mean_div_visual_emb": 118.70097351074219, "final_eval/mean_div_proprio_emb": 0.9412892460823059}
