{"mpc/success_rate": 1.0, "mpc/mean_state_dist": 1.3068599700927734, "mpc/mean_visual_dist": 0.32599517703056335, "mpc/mean_proprio_dist": 0.8776911497116089, "mpc/mean_div_visual_emb": 11.46104621887207, "mpc/mean_div_proprio_emb": 1.6825515031814575, "step": 1}
{"final_eval/success_rate": 1.0, "final_eval/mean_state_dist": 1.3068599700927734, "final_eval/mean_visual_dist": 0.32599517703056335, "final_eval/mean_proprio_dist": 0.8776911497116089, "final_eval/mean_div_visual_emb": 11.46104621887207, "final_eval/mean_div_proprio_emb": 1.6825515031814575}
