{"mpc/success_rate": 0.4, "mpc/mean_state_dist": 3.247424602508545, "mpc/mean_visual_dist": 0.4372920652636054, "mpc/mean_proprio_dist": 1.214199185371399, "mpc/mean_div_visual_emb": 128.4114227294922, "mpc/mean_div_proprio_emb": 1.1245577335357666, "step": 1}
{"final_eval/success_rate": 0.4, "final_eval/mean_state_dist": 3.247424602508545, "final_eval/mean_visual_dist": 0.4372920652636054, "final_eval/mean_proprio_dist": 1.214199185371399, "final_eval/mean_div_visual_emb": 128.4114227294922, "final_eval/mean_div_proprio_emb": 1.1245577335357666}
