{"mpc/success_rate": 0.6, "mpc/mean_state_dist": 3.1659867763519287, "mpc/mean_visual_dist": 0.4288491177721088, "mpc/mean_proprio_dist": 1.095328688621521, "mpc/mean_div_visual_emb": 132.56024169921875, "mpc/mean_div_proprio_emb": 1.037519931793213, "step": 1}
{"final_eval/success_rate": 0.6, "final_eval/mean_state_dist": 3.1659867763519287, "final_eval/mean_visual_dist": 0.4288491177721088, "final_eval/mean_proprio_dist": 1.095328688621521, "final_eval/mean_div_visual_emb": 132.56024169921875, "final_eval/mean_div_proprio_emb": 1.037519931793213}
