{"mpc/success_rate": 0.6, "mpc/mean_state_dist": 3.1119167804718018, "mpc/mean_visual_dist": 0.4516701211734694, "mpc/mean_proprio_dist": 1.1545474529266357, "mpc/mean_div_visual_emb": 171.31375122070312, "mpc/mean_div_proprio_emb": 2.2489078044891357, "step": 1}
{"final_eval/success_rate": 0.6, "final_eval/mean_state_dist": 3.1119167804718018, "final_eval/mean_visual_dist": 0.4516701211734694, "final_eval/mean_proprio_dist": 1.1545474529266357, "final_eval/mean_div_visual_emb": 171.31375122070312, "final_eval/mean_div_proprio_emb": 2.2489078044891357}
