{"mpc/success_rate": 0.6, "mpc/mean_state_dist": 2.3086509704589844, "mpc/mean_visual_dist": 0.39936623086734696, "mpc/mean_proprio_dist": 0.8750852346420288, "mpc/mean_div_visual_emb": 150.46241760253906, "mpc/mean_div_proprio_emb": 1.8713605403900146, "step": 1}
{"final_eval/success_rate": 0.6, "final_eval/mean_state_dist": 2.3086509704589844, "final_eval/mean_visual_dist": 0.39936623086734696, "final_eval/mean_proprio_dist": 0.8750852346420288, "final_eval/mean_div_visual_emb": 150.46241760253906, "final_eval/mean_div_proprio_emb": 1.8713605403900146}
