{"mpc/success_rate": 0.4, "mpc/mean_state_dist": 2.6657660007476807, "mpc/mean_visual_dist": 0.49112125318877553, "mpc/mean_proprio_dist": 0.9928382635116577, "mpc/mean_div_visual_emb": 180.41140747070312, "mpc/mean_div_proprio_emb": 1.498785138130188, "step": 1}
{"final_eval/success_rate": 0.4, "final_eval/mean_state_dist": 2.6657660007476807, "final_eval/mean_visual_dist": 0.49112125318877553, "final_eval/mean_proprio_dist": 0.9928382635116577, "final_eval/mean_div_visual_emb": 180.41140747070312, "final_eval/mean_div_proprio_emb": 1.498785138130188}
