{"mpc/success_rate": 0.4, "mpc/mean_state_dist": 3.196603298187256, "mpc/mean_visual_dist": 0.45633636267006805, "mpc/mean_proprio_dist": 1.2133080959320068, "mpc/mean_div_visual_emb": 172.59921264648438, "mpc/mean_div_proprio_emb": 1.6855794191360474, "step": 1}
{"final_eval/success_rate": 0.4, "final_eval/mean_state_dist": 3.196603298187256, "final_eval/mean_visual_dist": 0.45633636267006805, "final_eval/mean_proprio_dist": 1.2133080959320068, "final_eval/mean_div_visual_emb": 172.59921264648438, "final_eval/mean_div_proprio_emb": 1.6855794191360474}
