{"mpc/success_rate": 0.9, "mpc/mean_state_dist": 2.406925678253174, "mpc/mean_visual_dist": 0.5243819355964661, "mpc/mean_proprio_dist": 1.3485772609710693, "mpc/mean_div_visual_emb": 11.59596061706543, "mpc/mean_div_proprio_emb": 4.710876941680908, "step": 1}
{"final_eval/success_rate": 0.9, "final_eval/mean_state_dist": 2.406925678253174, "final_eval/mean_visual_dist": 0.5243819355964661, "final_eval/mean_proprio_dist": 1.3485772609710693, "final_eval/mean_div_visual_emb": 11.59596061706543, "final_eval/mean_div_proprio_emb": 4.710876941680908}
