{"mpc/success_rate": 0.4, "mpc/mean_state_dist": 3.4223408699035645, "mpc/mean_visual_dist": 0.4808294802295918, "mpc/mean_proprio_dist": 1.3004873991012573, "mpc/mean_div_visual_emb": 141.31971740722656, "mpc/mean_div_proprio_emb": 1.7083953619003296, "step": 1}
{"final_eval/success_rate": 0.4, "final_eval/mean_state_dist": 3.4223408699035645, "final_eval/mean_visual_dist": 0.4808294802295918, "final_eval/mean_proprio_dist": 1.3004873991012573, "final_eval/mean_div_visual_emb": 141.31971740722656, "final_eval/mean_div_proprio_emb": 1.7083953619003296}
