{"mpc/success_rate": 0.6, "mpc/mean_state_dist": 11.840523719787598, "mpc/mean_visual_dist": 0.8138332366943359, "mpc/mean_proprio_dist": 6.916282653808594, "mpc/mean_div_visual_emb": 14.289754867553711, "mpc/mean_div_proprio_emb": 2.606874704360962, "step": 1}
{"final_eval/success_rate": 0.6, "final_eval/mean_state_dist": 11.840523719787598, "final_eval/mean_visual_dist": 0.8138332366943359, "final_eval/mean_proprio_dist": 6.916282653808594, "final_eval/mean_div_visual_emb": 14.289754867553711, "final_eval/mean_div_proprio_emb": 2.606874704360962}
