{"mpc/success_rate": 0.6, "mpc/mean_state_dist": 3.677088499069214, "mpc/mean_visual_dist": 0.6427608728408813, "mpc/mean_proprio_dist": 2.0981452465057373, "mpc/mean_div_visual_emb": 10.737190246582031, "mpc/mean_div_proprio_emb": 2.0236334800720215, "step": 1}
{"final_eval/success_rate": 0.6, "final_eval/mean_state_dist": 3.677088499069214, "final_eval/mean_visual_dist": 0.6427608728408813, "final_eval/mean_proprio_dist": 2.0981452465057373, "final_eval/mean_div_visual_emb": 10.737190246582031, "final_eval/mean_div_proprio_emb": 2.0236334800720215}
