{"mpc/success_rate": 0.9, "mpc/mean_state_dist": 3.174254894256592, "mpc/mean_visual_dist": 0.7578203678131104, "mpc/mean_proprio_dist": 1.7303078174591064, "mpc/mean_div_visual_emb": 18.72771453857422, "mpc/mean_div_proprio_emb": 4.156984329223633, "step": 1}
{"final_eval/success_rate": 0.9, "final_eval/mean_state_dist": 3.174254894256592, "final_eval/mean_visual_dist": 0.7578203678131104, "final_eval/mean_proprio_dist": 1.7303078174591064, "final_eval/mean_div_visual_emb": 18.72771453857422, "final_eval/mean_div_proprio_emb": 4.156984329223633}
