{"mpc/success_rate": 0.28, "mpc/mean_state_dist": 3.4267642498016357, "mpc/mean_visual_dist": 0.4563864530187075, "mpc/mean_proprio_dist": 1.346651554107666, "mpc/mean_div_visual_emb": 14.667617797851562, "mpc/mean_div_proprio_emb": 3.632291555404663, "step": 1}
{"final_eval/success_rate": 0.28, "final_eval/mean_state_dist": 3.4267642498016357, "final_eval/mean_visual_dist": 0.4563864530187075, "final_eval/mean_proprio_dist": 1.346651554107666, "final_eval/mean_div_visual_emb": 14.667617797851562, "final_eval/mean_div_proprio_emb": 3.632291555404663}
