{"mpc/success_rate": 0.08, "mpc/mean_state_dist": 3.9986772537231445, "mpc/mean_visual_dist": 0.5190642272534014, "mpc/mean_proprio_dist": 1.592987060546875, "mpc/mean_div_visual_emb": 10.07776927947998, "mpc/mean_div_proprio_emb": 1.4778854846954346, "step": 1}
{"mpc/success_rate": 0.24, "mpc/mean_state_dist": 4.372186660766602, "mpc/mean_visual_dist": 0.4830757068452381, "mpc/mean_proprio_dist": 1.6460821628570557, "mpc/mean_div_visual_emb": 10.551900863647461, "mpc/mean_div_proprio_emb": 2.358912944793701, "step": 2}
{"mpc/success_rate": 0.26, "mpc/mean_state_dist": 4.233020305633545, "mpc/mean_visual_dist": 0.47250398596938775, "mpc/mean_proprio_dist": 1.5834171772003174, "mpc/mean_div_visual_emb": 11.701391220092773, "mpc/mean_div_proprio_emb": 3.1333134174346924, "step": 3}
{"mpc/success_rate": 0.32, "mpc/mean_state_dist": 3.9020814895629883, "mpc/mean_visual_dist": 0.4619124681122449, "mpc/mean_proprio_dist": 1.4609283208847046, "mpc/mean_div_visual_emb": 13.791369438171387, "mpc/mean_div_proprio_emb": 3.4876320362091064, "step": 4}
{"mpc/success_rate": 0.34, "mpc/mean_state_dist": 4.257192611694336, "mpc/mean_visual_dist": 0.4608609693877551, "mpc/mean_proprio_dist": 1.6265649795532227, "mpc/mean_div_visual_emb": 13.066158294677734, "mpc/mean_div_proprio_emb": 7.718959808349609, "step": 5}
{"mpc/success_rate": 0.42, "mpc/mean_state_dist": 4.485668182373047, "mpc/mean_visual_dist": 0.46079838966836734, "mpc/mean_proprio_dist": 1.6649765968322754, "mpc/mean_div_visual_emb": 14.972317695617676, "mpc/mean_div_proprio_emb": 7.749312877655029, "step": 6}
{"mpc/success_rate": 0.46, "mpc/mean_state_dist": 4.436041355133057, "mpc/mean_visual_dist": 0.46722390518707485, "mpc/mean_proprio_dist": 1.5865975618362427, "mpc/mean_div_visual_emb": 16.728429794311523, "mpc/mean_div_proprio_emb": 9.91320514678955, "step": 7}
{"mpc/success_rate": 0.54, "mpc/mean_state_dist": 4.207632064819336, "mpc/mean_visual_dist": 0.4528679049744898, "mpc/mean_proprio_dist": 1.5209295749664307, "mpc/mean_div_visual_emb": 18.19318199157715, "mpc/mean_div_proprio_emb": 9.527166366577148, "step": 8}
{"mpc/success_rate": 0.56, "mpc/mean_state_dist": 4.107410430908203, "mpc/mean_visual_dist": 0.4584513180272109, "mpc/mean_proprio_dist": 1.470668077468872, "mpc/mean_div_visual_emb": 16.696983337402344, "mpc/mean_div_proprio_emb": 9.752845764160156, "step": 9}
{"mpc/success_rate": 0.62, "mpc/mean_state_dist": 4.315253734588623, "mpc/mean_visual_dist": 0.4515757865646258, "mpc/mean_proprio_dist": 1.5292305946350098, "mpc/mean_div_visual_emb": 17.878524780273438, "mpc/mean_div_proprio_emb": 9.598447799682617, "step": 10}
{"mpc/success_rate": 0.62, "mpc/mean_state_dist": 4.704225063323975, "mpc/mean_visual_dist": 0.4586584555697279, "mpc/mean_proprio_dist": 1.6316338777542114, "mpc/mean_div_visual_emb": 18.223270416259766, "mpc/mean_div_proprio_emb": 8.77064037322998, "step": 11}
{"mpc/success_rate": 0.7, "mpc/mean_state_dist": 4.325667858123779, "mpc/mean_visual_dist": 0.44221433886054423, "mpc/mean_proprio_dist": 1.4903558492660522, "mpc/mean_div_visual_emb": 18.594280242919922, "mpc/mean_div_proprio_emb": 10.589924812316895, "step": 12}
{"mpc/success_rate": 0.72, "mpc/mean_state_dist": 4.522609710693359, "mpc/mean_visual_dist": 0.44127537733843536, "mpc/mean_proprio_dist": 1.548836350440979, "mpc/mean_div_visual_emb": 18.498943328857422, "mpc/mean_div_proprio_emb": 8.563507080078125, "step": 13}
{"mpc/success_rate": 0.72, "mpc/mean_state_dist": 4.388852119445801, "mpc/mean_visual_dist": 0.44211814413265305, "mpc/mean_proprio_dist": 1.5028600692749023, "mpc/mean_div_visual_emb": 18.79863739013672, "mpc/mean_div_proprio_emb": 8.580639839172363, "step": 14}
{"mpc/success_rate": 0.72, "mpc/mean_state_dist": 4.397857189178467, "mpc/mean_visual_dist": 0.44076291454081634, "mpc/mean_proprio_dist": 1.493234395980835, "mpc/mean_div_visual_emb": 17.466264724731445, "mpc/mean_div_proprio_emb": 8.336225509643555, "step": 15}
{"mpc/success_rate": 0.72, "mpc/mean_state_dist": 4.313704013824463, "mpc/mean_visual_dist": 0.439296875, "mpc/mean_proprio_dist": 1.4888018369674683, "mpc/mean_div_visual_emb": 18.617671966552734, "mpc/mean_div_proprio_emb": 9.674068450927734, "step": 16}
{"mpc/success_rate": 0.72, "mpc/mean_state_dist": 4.285989761352539, "mpc/mean_visual_dist": 0.4408751860119048, "mpc/mean_proprio_dist": 1.4796473979949951, "mpc/mean_div_visual_emb": 18.28158187866211, "mpc/mean_div_proprio_emb": 10.508512496948242, "step": 17}
{"mpc/success_rate": 0.74, "mpc/mean_state_dist": 4.524660110473633, "mpc/mean_visual_dist": 0.44248286033163264, "mpc/mean_proprio_dist": 1.5555142164230347, "mpc/mean_div_visual_emb": 18.87702751159668, "mpc/mean_div_proprio_emb": 9.607392311096191, "step": 18}
{"mpc/success_rate": 0.74, "mpc/mean_state_dist": 4.352330684661865, "mpc/mean_visual_dist": 0.4407299638605442, "mpc/mean_proprio_dist": 1.4961891174316406, "mpc/mean_div_visual_emb": 18.653566360473633, "mpc/mean_div_proprio_emb": 10.281290054321289, "step": 19}
{"mpc/success_rate": 0.74, "mpc/mean_state_dist": 4.3065080642700195, "mpc/mean_visual_dist": 0.43877936330782313, "mpc/mean_proprio_dist": 1.4713387489318848, "mpc/mean_div_visual_emb": 18.475555419921875, "mpc/mean_div_proprio_emb": 9.939684867858887, "step": 20}
{"final_eval/success_rate": 0.74, "final_eval/mean_state_dist": 4.3065080642700195, "final_eval/mean_visual_dist": 0.43877936330782313, "final_eval/mean_proprio_dist": 1.4713387489318848, "final_eval/mean_div_visual_emb": 18.475555419921875, "final_eval/mean_div_proprio_emb": 9.939684867858887}
