{"mpc/success_rate": 0.14, "mpc/mean_state_dist": 3.7255797386169434, "mpc/mean_visual_dist": 0.5038267963435374, "mpc/mean_proprio_dist": 1.47527277469635, "mpc/mean_div_visual_emb": 13.322394371032715, "mpc/mean_div_proprio_emb": 4.932579040527344, "step": 1}
{"final_eval/success_rate": 0.14, "final_eval/mean_state_dist": 3.7255797386169434, "final_eval/mean_visual_dist": 0.5038267963435374, "final_eval/mean_proprio_dist": 1.47527277469635, "final_eval/mean_div_visual_emb": 13.322394371032715, "final_eval/mean_div_proprio_emb": 4.932579040527344}
