{"mpc/success_rate": 0.0, "mpc/mean_state_dist": 2.42138671875, "mpc/mean_visual_dist": 0.5377444727891156, "mpc/mean_proprio_dist": 0.9864047169685364, "mpc/mean_div_visual_emb": 3.43599534034729, "mpc/mean_div_proprio_emb": 2.8869729042053223, "step": 1}
{"final_eval/success_rate": 0.0, "final_eval/mean_state_dist": 2.42138671875, "final_eval/mean_visual_dist": 0.5377444727891156, "final_eval/mean_proprio_dist": 0.9864047169685364, "final_eval/mean_div_visual_emb": 3.43599534034729, "final_eval/mean_div_proprio_emb": 2.8869729042053223}
