{"mpc/success_rate": 0.4, "mpc/mean_state_dist": 3.305901050567627, "mpc/mean_visual_dist": 0.4795127816751701, "mpc/mean_proprio_dist": 1.3233139514923096, "mpc/mean_div_visual_emb": 6.163396835327148, "mpc/mean_div_proprio_emb": 1.9538583755493164, "step": 1}
{"final_eval/success_rate": 0.4, "final_eval/mean_state_dist": 3.305901050567627, "final_eval/mean_visual_dist": 0.4795127816751701, "final_eval/mean_proprio_dist": 1.3233139514923096, "final_eval/mean_div_visual_emb": 6.163396835327148, "final_eval/mean_div_proprio_emb": 1.9538583755493164}
