{"mpc/success_rate": 0.3, "mpc/mean_state_dist": 2.8202476501464844, "mpc/mean_visual_dist": 0.40827819409013605, "mpc/mean_proprio_dist": 0.9972108602523804, "mpc/mean_div_visual_emb": 125.9364242553711, "mpc/mean_div_proprio_emb": 0.6822986006736755, "step": 1}
{"final_eval/success_rate": 0.3, "final_eval/mean_state_dist": 2.8202476501464844, "final_eval/mean_visual_dist": 0.40827819409013605, "final_eval/mean_proprio_dist": 0.9972108602523804, "final_eval/mean_div_visual_emb": 125.9364242553711, "final_eval/mean_div_proprio_emb": 0.6822986006736755}
