{"mpc/success_rate": 1.0, "mpc/mean_state_dist": 2.7564005851745605, "mpc/mean_visual_dist": 0.38425342793367345, "mpc/mean_proprio_dist": 0.8853305578231812, "mpc/mean_div_visual_emb": 7.015264987945557, "mpc/mean_div_proprio_emb": 0.9770261645317078, "step": 1}
{"final_eval/success_rate": 1.0, "final_eval/mean_state_dist": 2.7564005851745605, "final_eval/mean_visual_dist": 0.38425342793367345, "final_eval/mean_proprio_dist": 0.8853305578231812, "final_eval/mean_div_visual_emb": 7.015264987945557, "final_eval/mean_div_proprio_emb": 0.9770261645317078}
