{"mpc/success_rate": 0.6, "mpc/mean_state_dist": 2.407407283782959, "mpc/mean_visual_dist": 0.43414647108843535, "mpc/mean_proprio_dist": 0.9255074262619019, "mpc/mean_div_visual_emb": 5.979266166687012, "mpc/mean_div_proprio_emb": 2.522111415863037, "step": 1}
{"final_eval/success_rate": 0.6, "final_eval/mean_state_dist": 2.407407283782959, "final_eval/mean_visual_dist": 0.43414647108843535, "final_eval/mean_proprio_dist": 0.9255074262619019, "final_eval/mean_div_visual_emb": 5.979266166687012, "final_eval/mean_div_proprio_emb": 2.522111415863037}
