{"mpc/success_rate": 0.8, "mpc/mean_state_dist": 8.541898727416992, "mpc/mean_visual_dist": 0.49673134088516235, "mpc/mean_proprio_dist": 4.8144707679748535, "mpc/mean_div_visual_emb": 10.919144630432129, "mpc/mean_div_proprio_emb": 4.931386947631836, "step": 1}
{"final_eval/success_rate": 0.8, "final_eval/mean_state_dist": 8.541898727416992, "final_eval/mean_visual_dist": 0.49673134088516235, "final_eval/mean_proprio_dist": 4.8144707679748535, "final_eval/mean_div_visual_emb": 10.919144630432129, "final_eval/mean_div_proprio_emb": 4.931386947631836}
