{"mpc/success_rate": 0.4, "mpc/mean_state_dist": 2.8931021690368652, "mpc/mean_visual_dist": 0.4025204613095238, "mpc/mean_proprio_dist": 1.0439420938491821, "mpc/mean_div_visual_emb": 83.96018981933594, "mpc/mean_div_proprio_emb": 0.7731056213378906, "step": 1}
{"final_eval/success_rate": 0.4, "final_eval/mean_state_dist": 2.8931021690368652, "final_eval/mean_visual_dist": 0.4025204613095238, "final_eval/mean_proprio_dist": 1.0439420938491821, "final_eval/mean_div_visual_emb": 83.96018981933594, "final_eval/mean_div_proprio_emb": 0.7731056213378906}
