{"mpc/success_rate": 0.3, "mpc/mean_state_dist": 3.1457202434539795, "mpc/mean_visual_dist": 0.4775370695153061, "mpc/mean_proprio_dist": 1.2182084321975708, "mpc/mean_div_visual_emb": 5.521722316741943, "mpc/mean_div_proprio_emb": 1.798564076423645, "step": 1}
{"final_eval/success_rate": 0.3, "final_eval/mean_state_dist": 3.1457202434539795, "final_eval/mean_visual_dist": 0.4775370695153061, "final_eval/mean_proprio_dist": 1.2182084321975708, "final_eval/mean_div_visual_emb": 5.521722316741943, "final_eval/mean_div_proprio_emb": 1.798564076423645}
