{"mpc/success_rate": 0.7, "mpc/mean_state_dist": 11.267651557922363, "mpc/mean_visual_dist": 0.5169175267219543, "mpc/mean_proprio_dist": 6.760005950927734, "mpc/mean_div_visual_emb": 13.671178817749023, "mpc/mean_div_proprio_emb": 4.441097736358643, "step": 1}
{"final_eval/success_rate": 0.7, "final_eval/mean_state_dist": 11.267651557922363, "final_eval/mean_visual_dist": 0.5169175267219543, "final_eval/mean_proprio_dist": 6.760005950927734, "final_eval/mean_div_visual_emb": 13.671178817749023, "final_eval/mean_div_proprio_emb": 4.441097736358643}
