{"mpc/success_rate": 0.9, "mpc/mean_state_dist": 3.175966262817383, "mpc/mean_visual_dist": 0.6143266558647156, "mpc/mean_proprio_dist": 1.8958476781845093, "mpc/mean_div_visual_emb": 21.513763427734375, "mpc/mean_div_proprio_emb": 5.4833664894104, "step": 1}
{"final_eval/success_rate": 0.9, "final_eval/mean_state_dist": 3.175966262817383, "final_eval/mean_visual_dist": 0.6143266558647156, "final_eval/mean_proprio_dist": 1.8958476781845093, "final_eval/mean_div_visual_emb": 21.513763427734375, "final_eval/mean_div_proprio_emb": 5.4833664894104}
