{"mpc/success_rate": 1.0, "mpc/mean_state_dist": 2.2320432662963867, "mpc/mean_visual_dist": 0.4070511798469388, "mpc/mean_proprio_dist": 0.7265663146972656, "mpc/mean_div_visual_emb": 6.747080326080322, "mpc/mean_div_proprio_emb": 0.9467669129371643, "step": 1}
{"final_eval/success_rate": 1.0, "final_eval/mean_state_dist": 2.2320432662963867, "final_eval/mean_visual_dist": 0.4070511798469388, "final_eval/mean_proprio_dist": 0.7265663146972656, "final_eval/mean_div_visual_emb": 6.747080326080322, "final_eval/mean_div_proprio_emb": 0.9467669129371643}
