{"mpc/success_rate": 0.8, "mpc/mean_state_dist": 2.4983389377593994, "mpc/mean_visual_dist": 0.4513585512329932, "mpc/mean_proprio_dist": 0.8992965817451477, "mpc/mean_div_visual_emb": 5.297482967376709, "mpc/mean_div_proprio_emb": 1.9020087718963623, "step": 1}
{"final_eval/success_rate": 0.8, "final_eval/mean_state_dist": 2.4983389377593994, "final_eval/mean_visual_dist": 0.4513585512329932, "final_eval/mean_proprio_dist": 0.8992965817451477, "final_eval/mean_div_visual_emb": 5.297482967376709, "final_eval/mean_div_proprio_emb": 1.9020087718963623}
