{"mpc/success_rate": 0.7, "mpc/mean_state_dist": 2.8860907554626465, "mpc/mean_visual_dist": 0.4535289115646258, "mpc/mean_proprio_dist": 0.9946368932723999, "mpc/mean_div_visual_emb": 5.476731300354004, "mpc/mean_div_proprio_emb": 1.497604250907898, "step": 1}
{"final_eval/success_rate": 0.7, "final_eval/mean_state_dist": 2.8860907554626465, "final_eval/mean_visual_dist": 0.4535289115646258, "final_eval/mean_proprio_dist": 0.9946368932723999, "final_eval/mean_div_visual_emb": 5.476731300354004, "final_eval/mean_div_proprio_emb": 1.497604250907898}
