{"mpc/success_rate": 0.7, "mpc/mean_state_dist": 3.886465072631836, "mpc/mean_visual_dist": 0.59531170129776, "mpc/mean_proprio_dist": 2.300163984298706, "mpc/mean_div_visual_emb": 10.103006362915039, "mpc/mean_div_proprio_emb": 3.264302968978882, "step": 1}
{"final_eval/success_rate": 0.7, "final_eval/mean_state_dist": 3.886465072631836, "final_eval/mean_visual_dist": 0.59531170129776, "final_eval/mean_proprio_dist": 2.300163984298706, "final_eval/mean_div_visual_emb": 10.103006362915039, "final_eval/mean_div_proprio_emb": 3.264302968978882}
