{"mpc/success_rate": 0.9, "mpc/mean_state_dist": 2.8368868827819824, "mpc/mean_visual_dist": 0.46158920599489794, "mpc/mean_proprio_dist": 1.0257021188735962, "mpc/mean_div_visual_emb": 7.109328269958496, "mpc/mean_div_proprio_emb": 1.4021015167236328, "step": 1}
{"final_eval/success_rate": 0.9, "final_eval/mean_state_dist": 2.8368868827819824, "final_eval/mean_visual_dist": 0.46158920599489794, "final_eval/mean_proprio_dist": 1.0257021188735962, "final_eval/mean_div_visual_emb": 7.109328269958496, "final_eval/mean_div_proprio_emb": 1.4021015167236328}
