{"mpc/success_rate": 0.4, "mpc/mean_state_dist": 3.1703085899353027, "mpc/mean_visual_dist": 0.46142046662414965, "mpc/mean_proprio_dist": 1.157041311264038, "mpc/mean_div_visual_emb": 5.597416877746582, "mpc/mean_div_proprio_emb": 2.3124046325683594, "step": 1}
{"final_eval/success_rate": 0.4, "final_eval/mean_state_dist": 3.1703085899353027, "final_eval/mean_visual_dist": 0.46142046662414965, "final_eval/mean_proprio_dist": 1.157041311264038, "final_eval/mean_div_visual_emb": 5.597416877746582, "final_eval/mean_div_proprio_emb": 2.3124046325683594}
