{"mpc/success_rate": 1.0, "mpc/mean_state_dist": 1.3166922330856323, "mpc/mean_visual_dist": 0.35684359073638916, "mpc/mean_proprio_dist": 0.7594262957572937, "mpc/mean_div_visual_emb": 10.441523551940918, "mpc/mean_div_proprio_emb": 4.5107035636901855, "step": 1}
{"final_eval/success_rate": 1.0, "final_eval/mean_state_dist": 1.3166922330856323, "final_eval/mean_visual_dist": 0.35684359073638916, "final_eval/mean_proprio_dist": 0.7594262957572937, "final_eval/mean_div_visual_emb": 10.441523551940918, "final_eval/mean_div_proprio_emb": 4.5107035636901855}
