{"mpc/success_rate": 1.0, "mpc/mean_state_dist": 2.608804702758789, "mpc/mean_visual_dist": 0.36059802827380955, "mpc/mean_proprio_dist": 0.8415807485580444, "mpc/mean_div_visual_emb": 7.050930023193359, "mpc/mean_div_proprio_emb": 1.798509120941162, "step": 1}
{"final_eval/success_rate": 1.0, "final_eval/mean_state_dist": 2.608804702758789, "final_eval/mean_visual_dist": 0.36059802827380955, "final_eval/mean_proprio_dist": 0.8415807485580444, "final_eval/mean_div_visual_emb": 7.050930023193359, "final_eval/mean_div_proprio_emb": 1.798509120941162}
