{"mpc/success_rate": 0.6, "mpc/mean_state_dist": 3.2749648094177246, "mpc/mean_visual_dist": 0.4561716092687075, "mpc/mean_proprio_dist": 1.2097911834716797, "mpc/mean_div_visual_emb": 5.381383419036865, "mpc/mean_div_proprio_emb": 1.5326193571090698, "step": 1}
{"final_eval/success_rate": 0.6, "final_eval/mean_state_dist": 3.2749648094177246, "final_eval/mean_visual_dist": 0.4561716092687075, "final_eval/mean_proprio_dist": 1.2097911834716797, "final_eval/mean_div_visual_emb": 5.381383419036865, "final_eval/mean_div_proprio_emb": 1.5326193571090698}
