{"mpc/success_rate": 0.3, "mpc/mean_state_dist": 2.635683536529541, "mpc/mean_visual_dist": 0.4402257387329932, "mpc/mean_proprio_dist": 1.0370911359786987, "mpc/mean_div_visual_emb": 143.20843505859375, "mpc/mean_div_proprio_emb": 0.7830320596694946, "step": 1}
{"final_eval/success_rate": 0.3, "final_eval/mean_state_dist": 2.635683536529541, "final_eval/mean_visual_dist": 0.4402257387329932, "final_eval/mean_proprio_dist": 1.0370911359786987, "final_eval/mean_div_visual_emb": 143.20843505859375, "final_eval/mean_div_proprio_emb": 0.7830320596694946}
