{"mpc/success_rate": 0.9, "mpc/mean_state_dist": 2.6677398681640625, "mpc/mean_visual_dist": 0.697075366973877, "mpc/mean_proprio_dist": 1.6021373271942139, "mpc/mean_div_visual_emb": 17.684947967529297, "mpc/mean_div_proprio_emb": 5.4742279052734375, "step": 1}
{"final_eval/success_rate": 0.9, "final_eval/mean_state_dist": 2.6677398681640625, "final_eval/mean_visual_dist": 0.697075366973877, "final_eval/mean_proprio_dist": 1.6021373271942139, "final_eval/mean_div_visual_emb": 17.684947967529297, "final_eval/mean_div_proprio_emb": 5.4742279052734375}
