{"mpc/success_rate": 0.6, "mpc/mean_state_dist": 14.058018684387207, "mpc/mean_visual_dist": 0.6547841429710388, "mpc/mean_proprio_dist": 8.523294448852539, "mpc/mean_div_visual_emb": 193.5358123779297, "mpc/mean_div_proprio_emb": 7.8116960525512695, "step": 1}
{"final_eval/success_rate": 0.6, "final_eval/mean_state_dist": 14.058018684387207, "final_eval/mean_visual_dist": 0.6547841429710388, "final_eval/mean_proprio_dist": 8.523294448852539, "final_eval/mean_div_visual_emb": 193.5358123779297, "final_eval/mean_div_proprio_emb": 7.8116960525512695}
