{"mpc/success_rate": 1.0, "mpc/mean_state_dist": 1.3367358446121216, "mpc/mean_visual_dist": 0.32164859771728516, "mpc/mean_proprio_dist": 0.7533153295516968, "mpc/mean_div_visual_emb": 11.920060157775879, "mpc/mean_div_proprio_emb": 2.968122959136963, "step": 1}
{"final_eval/success_rate": 1.0, "final_eval/mean_state_dist": 1.3367358446121216, "final_eval/mean_visual_dist": 0.32164859771728516, "final_eval/mean_proprio_dist": 0.7533153295516968, "final_eval/mean_div_visual_emb": 11.920060157775879, "final_eval/mean_div_proprio_emb": 2.968122959136963}
