{"mpc/success_rate": 0.7, "mpc/mean_state_dist": 16.606517791748047, "mpc/mean_visual_dist": 0.7084545493125916, "mpc/mean_proprio_dist": 10.31999683380127, "mpc/mean_div_visual_emb": 234.1547088623047, "mpc/mean_div_proprio_emb": 5.593925476074219, "step": 1}
{"final_eval/success_rate": 0.7, "final_eval/mean_state_dist": 16.606517791748047, "final_eval/mean_visual_dist": 0.7084545493125916, "final_eval/mean_proprio_dist": 10.31999683380127, "final_eval/mean_div_visual_emb": 234.1547088623047, "final_eval/mean_div_proprio_emb": 5.593925476074219}
