{"mpc/success_rate": 0.9, "mpc/mean_state_dist": 1.6318514347076416, "mpc/mean_visual_dist": 0.4229140093537415, "mpc/mean_proprio_dist": 0.5519919991493225, "mpc/mean_div_visual_emb": 7.189737319946289, "mpc/mean_div_proprio_emb": 2.106459140777588, "step": 1}
{"final_eval/success_rate": 0.9, "final_eval/mean_state_dist": 1.6318514347076416, "final_eval/mean_visual_dist": 0.4229140093537415, "final_eval/mean_proprio_dist": 0.5519919991493225, "final_eval/mean_div_visual_emb": 7.189737319946289, "final_eval/mean_div_proprio_emb": 2.106459140777588}
