{"mpc/success_rate": 0.4, "mpc/mean_state_dist": 8.012306213378906, "mpc/mean_visual_dist": 0.8996104598045349, "mpc/mean_proprio_dist": 5.457770347595215, "mpc/mean_div_visual_emb": 12.166618347167969, "mpc/mean_div_proprio_emb": 4.535382270812988, "step": 1}
{"final_eval/success_rate": 0.4, "final_eval/mean_state_dist": 8.012306213378906, "final_eval/mean_visual_dist": 0.8996104598045349, "final_eval/mean_proprio_dist": 5.457770347595215, "final_eval/mean_div_visual_emb": 12.166618347167969, "final_eval/mean_div_proprio_emb": 4.535382270812988}
