{"mpc/success_rate": 0.7, "mpc/mean_state_dist": 2.4188122749328613, "mpc/mean_visual_dist": 0.45282804528061227, "mpc/mean_proprio_dist": 0.9178646206855774, "mpc/mean_div_visual_emb": 5.896433353424072, "mpc/mean_div_proprio_emb": 3.1402969360351562, "step": 1}
{"final_eval/success_rate": 0.7, "final_eval/mean_state_dist": 2.4188122749328613, "final_eval/mean_visual_dist": 0.45282804528061227, "final_eval/mean_proprio_dist": 0.9178646206855774, "final_eval/mean_div_visual_emb": 5.896433353424072, "final_eval/mean_div_proprio_emb": 3.1402969360351562}
