{"mpc/success_rate": 1.0, "mpc/mean_state_dist": 1.6869523525238037, "mpc/mean_visual_dist": 0.42824670672416687, "mpc/mean_proprio_dist": 0.9420415163040161, "mpc/mean_div_visual_emb": 11.489057540893555, "mpc/mean_div_proprio_emb": 4.283082485198975, "step": 1}
{"final_eval/success_rate": 1.0, "final_eval/mean_state_dist": 1.6869523525238037, "final_eval/mean_visual_dist": 0.42824670672416687, "final_eval/mean_proprio_dist": 0.9420415163040161, "final_eval/mean_div_visual_emb": 11.489057540893555, "final_eval/mean_div_proprio_emb": 4.283082485198975}
