{"mpc/success_rate": 0.5, "mpc/mean_state_dist": 7.26645040512085, "mpc/mean_visual_dist": 0.7302149534225464, "mpc/mean_proprio_dist": 4.172929763793945, "mpc/mean_div_visual_emb": 14.52340030670166, "mpc/mean_div_proprio_emb": 8.29997444152832, "step": 1}
{"final_eval/success_rate": 0.5, "final_eval/mean_state_dist": 7.26645040512085, "final_eval/mean_visual_dist": 0.7302149534225464, "final_eval/mean_proprio_dist": 4.172929763793945, "final_eval/mean_div_visual_emb": 14.52340030670166, "final_eval/mean_div_proprio_emb": 8.29997444152832}
