{"mpc/success_rate": 0.4, "mpc/mean_state_dist": 3.9961166381835938, "mpc/mean_visual_dist": 0.4733591092687075, "mpc/mean_proprio_dist": 1.5592983961105347, "mpc/mean_div_visual_emb": 158.98892211914062, "mpc/mean_div_proprio_emb": 1.5886553525924683, "step": 1}
{"final_eval/success_rate": 0.4, "final_eval/mean_state_dist": 3.9961166381835938, "final_eval/mean_visual_dist": 0.4733591092687075, "final_eval/mean_proprio_dist": 1.5592983961105347, "final_eval/mean_div_visual_emb": 158.98892211914062, "final_eval/mean_div_proprio_emb": 1.5886553525924683}
