{"mpc/success_rate": 0.28, "mpc/mean_state_dist": 3.4218714237213135, "mpc/mean_visual_dist": 0.47368728741496596, "mpc/mean_proprio_dist": 1.3580318689346313, "mpc/mean_div_visual_emb": 14.322586059570312, "mpc/mean_div_proprio_emb": 3.748013973236084, "step": 1}
{"final_eval/success_rate": 0.28, "final_eval/mean_state_dist": 3.4218714237213135, "final_eval/mean_visual_dist": 0.47368728741496596, "final_eval/mean_proprio_dist": 1.3580318689346313, "final_eval/mean_div_visual_emb": 14.322586059570312, "final_eval/mean_div_proprio_emb": 3.748013973236084}
