{"mpc/success_rate": 0.9, "mpc/mean_state_dist": 2.8731026649475098, "mpc/mean_visual_dist": 0.4802993463010204, "mpc/mean_proprio_dist": 0.9935039281845093, "mpc/mean_div_visual_emb": 7.231529712677002, "mpc/mean_div_proprio_emb": 1.7243239879608154, "step": 1}
{"final_eval/success_rate": 0.9, "final_eval/mean_state_dist": 2.8731026649475098, "final_eval/mean_visual_dist": 0.4802993463010204, "final_eval/mean_proprio_dist": 0.9935039281845093, "final_eval/mean_div_visual_emb": 7.231529712677002, "final_eval/mean_div_proprio_emb": 1.7243239879608154}
