{"mpc/success_rate": 1.0, "mpc/mean_state_dist": 2.8807225227355957, "mpc/mean_visual_dist": 0.4231750903486395, "mpc/mean_proprio_dist": 1.0243606567382812, "mpc/mean_div_visual_emb": 7.151248931884766, "mpc/mean_div_proprio_emb": 1.8896104097366333, "step": 1}
{"final_eval/success_rate": 1.0, "final_eval/mean_state_dist": 2.8807225227355957, "final_eval/mean_visual_dist": 0.4231750903486395, "final_eval/mean_proprio_dist": 1.0243606567382812, "final_eval/mean_div_visual_emb": 7.151248931884766, "final_eval/mean_div_proprio_emb": 1.8896104097366333}
