{"mpc/success_rate": 0.3, "mpc/mean_state_dist": 3.8201873302459717, "mpc/mean_visual_dist": 0.4597795758928571, "mpc/mean_proprio_dist": 1.533840298652649, "mpc/mean_div_visual_emb": 98.16571807861328, "mpc/mean_div_proprio_emb": 0.5522669553756714, "step": 1}
{"final_eval/success_rate": 0.3, "final_eval/mean_state_dist": 3.8201873302459717, "final_eval/mean_visual_dist": 0.4597795758928571, "final_eval/mean_proprio_dist": 1.533840298652649, "final_eval/mean_div_visual_emb": 98.16571807861328, "final_eval/mean_div_proprio_emb": 0.5522669553756714}
