{"mpc/success_rate": 0.5, "mpc/mean_state_dist": 4.63106632232666, "mpc/mean_visual_dist": 0.6531486511230469, "mpc/mean_proprio_dist": 2.565284252166748, "mpc/mean_div_visual_emb": 10.781442642211914, "mpc/mean_div_proprio_emb": 3.1770355701446533, "step": 1}
{"final_eval/success_rate": 0.5, "final_eval/mean_state_dist": 4.63106632232666, "final_eval/mean_visual_dist": 0.6531486511230469, "final_eval/mean_proprio_dist": 2.565284252166748, "final_eval/mean_div_visual_emb": 10.781442642211914, "final_eval/mean_div_proprio_emb": 3.1770355701446533}
