{"mpc/success_rate": 1.0, "mpc/mean_state_dist": 1.8211866617202759, "mpc/mean_visual_dist": 0.44067689776420593, "mpc/mean_proprio_dist": 1.0774757862091064, "mpc/mean_div_visual_emb": 19.733076095581055, "mpc/mean_div_proprio_emb": 3.0306618213653564, "step": 1}
{"final_eval/success_rate": 1.0, "final_eval/mean_state_dist": 1.8211866617202759, "final_eval/mean_visual_dist": 0.44067689776420593, "final_eval/mean_proprio_dist": 1.0774757862091064, "final_eval/mean_div_visual_emb": 19.733076095581055, "final_eval/mean_div_proprio_emb": 3.0306618213653564}
