{"mpc/success_rate": 0.6, "mpc/mean_state_dist": 3.1889350414276123, "mpc/mean_visual_dist": 0.4496279761904762, "mpc/mean_proprio_dist": 1.062058925628662, "mpc/mean_div_visual_emb": 158.27732849121094, "mpc/mean_div_proprio_emb": 1.3589893579483032, "step": 1}
{"final_eval/success_rate": 0.6, "final_eval/mean_state_dist": 3.1889350414276123, "final_eval/mean_visual_dist": 0.4496279761904762, "final_eval/mean_proprio_dist": 1.062058925628662, "final_eval/mean_div_visual_emb": 158.27732849121094, "final_eval/mean_div_proprio_emb": 1.3589893579483032}
