{"mpc/success_rate": 1.0, "mpc/mean_state_dist": 1.728558897972107, "mpc/mean_visual_dist": 0.4135710299015045, "mpc/mean_proprio_dist": 1.0927183628082275, "mpc/mean_div_visual_emb": 17.053543090820312, "mpc/mean_div_proprio_emb": 2.233228921890259, "step": 1}
{"final_eval/success_rate": 1.0, "final_eval/mean_state_dist": 1.728558897972107, "final_eval/mean_visual_dist": 0.4135710299015045, "final_eval/mean_proprio_dist": 1.0927183628082275, "final_eval/mean_div_visual_emb": 17.053543090820312, "final_eval/mean_div_proprio_emb": 2.233228921890259}
