{"mpc/success_rate": 1.0, "mpc/mean_state_dist": 1.7890713214874268, "mpc/mean_visual_dist": 0.4066218435764313, "mpc/mean_proprio_dist": 0.9649084806442261, "mpc/mean_div_visual_emb": 12.141301155090332, "mpc/mean_div_proprio_emb": 2.4240243434906006, "step": 1}
{"final_eval/success_rate": 1.0, "final_eval/mean_state_dist": 1.7890713214874268, "final_eval/mean_visual_dist": 0.4066218435764313, "final_eval/mean_proprio_dist": 0.9649084806442261, "final_eval/mean_div_visual_emb": 12.141301155090332, "final_eval/mean_div_proprio_emb": 2.4240243434906006}
