{"mpc/success_rate": 1.0, "mpc/mean_state_dist": 2.3172359466552734, "mpc/mean_visual_dist": 0.435394743835034, "mpc/mean_proprio_dist": 0.777216911315918, "mpc/mean_div_visual_emb": 6.99063777923584, "mpc/mean_div_proprio_emb": 2.0585672855377197, "step": 1}
{"final_eval/success_rate": 1.0, "final_eval/mean_state_dist": 2.3172359466552734, "final_eval/mean_visual_dist": 0.435394743835034, "final_eval/mean_proprio_dist": 0.777216911315918, "final_eval/mean_div_visual_emb": 6.99063777923584, "final_eval/mean_div_proprio_emb": 2.0585672855377197}
