{"mpc/success_rate": 0.7, "mpc/mean_state_dist": 2.776829957962036, "mpc/mean_visual_dist": 0.4039587319302721, "mpc/mean_proprio_dist": 0.9754487872123718, "mpc/mean_div_visual_emb": 5.244060516357422, "mpc/mean_div_proprio_emb": 1.5999565124511719, "step": 1}
{"final_eval/success_rate": 0.7, "final_eval/mean_state_dist": 2.776829957962036, "final_eval/mean_visual_dist": 0.4039587319302721, "final_eval/mean_proprio_dist": 0.9754487872123718, "final_eval/mean_div_visual_emb": 5.244060516357422, "final_eval/mean_div_proprio_emb": 1.5999565124511719}
