{"mpc/success_rate": 0.5, "mpc/mean_state_dist": 3.3273589611053467, "mpc/mean_visual_dist": 0.4574803358843537, "mpc/mean_proprio_dist": 1.265655755996704, "mpc/mean_div_visual_emb": 5.623991012573242, "mpc/mean_div_proprio_emb": 1.518127679824829, "step": 1}
{"final_eval/success_rate": 0.5, "final_eval/mean_state_dist": 3.3273589611053467, "final_eval/mean_visual_dist": 0.4574803358843537, "final_eval/mean_proprio_dist": 1.265655755996704, "final_eval/mean_div_visual_emb": 5.623991012573242, "final_eval/mean_div_proprio_emb": 1.518127679824829}
