{"mpc/success_rate": 0.7, "mpc/mean_state_dist": 2.7031280994415283, "mpc/mean_visual_dist": 0.43113972151360547, "mpc/mean_proprio_dist": 0.9701228141784668, "mpc/mean_div_visual_emb": 5.136255741119385, "mpc/mean_div_proprio_emb": 2.6683590412139893, "step": 1}
{"final_eval/success_rate": 0.7, "final_eval/mean_state_dist": 2.7031280994415283, "final_eval/mean_visual_dist": 0.43113972151360547, "final_eval/mean_proprio_dist": 0.9701228141784668, "final_eval/mean_div_visual_emb": 5.136255741119385, "final_eval/mean_div_proprio_emb": 2.6683590412139893}
