{"mpc/success_rate": 0.6, "mpc/mean_state_dist": 2.9391469955444336, "mpc/mean_visual_dist": 0.38469254889455784, "mpc/mean_proprio_dist": 0.9451745748519897, "mpc/mean_div_visual_emb": 147.583984375, "mpc/mean_div_proprio_emb": 1.2293105125427246, "step": 1}
{"final_eval/success_rate": 0.6, "final_eval/mean_state_dist": 2.9391469955444336, "final_eval/mean_visual_dist": 0.38469254889455784, "final_eval/mean_proprio_dist": 0.9451745748519897, "final_eval/mean_div_visual_emb": 147.583984375, "final_eval/mean_div_proprio_emb": 1.2293105125427246}
