{"mpc/success_rate": 0.8, "mpc/mean_state_dist": 6.123730659484863, "mpc/mean_visual_dist": 0.5001903176307678, "mpc/mean_proprio_dist": 3.8639800548553467, "mpc/mean_div_visual_emb": 203.5972900390625, "mpc/mean_div_proprio_emb": 4.8751540184021, "step": 1}
{"final_eval/success_rate": 0.8, "final_eval/mean_state_dist": 6.123730659484863, "final_eval/mean_visual_dist": 0.5001903176307678, "final_eval/mean_proprio_dist": 3.8639800548553467, "final_eval/mean_div_visual_emb": 203.5972900390625, "final_eval/mean_div_proprio_emb": 4.8751540184021}
