{"mpc/success_rate": 0.4, "mpc/mean_state_dist": 5.51008939743042, "mpc/mean_visual_dist": 0.8478703498840332, "mpc/mean_proprio_dist": 3.4692225456237793, "mpc/mean_div_visual_emb": 12.991758346557617, "mpc/mean_div_proprio_emb": 4.670091152191162, "step": 1}
{"final_eval/success_rate": 0.4, "final_eval/mean_state_dist": 5.51008939743042, "final_eval/mean_visual_dist": 0.8478703498840332, "final_eval/mean_proprio_dist": 3.4692225456237793, "final_eval/mean_div_visual_emb": 12.991758346557617, "final_eval/mean_div_proprio_emb": 4.670091152191162}
