{"mpc/success_rate": 0.8, "mpc/mean_state_dist": 1.8621219396591187, "mpc/mean_visual_dist": 0.4137013852596283, "mpc/mean_proprio_dist": 1.0386216640472412, "mpc/mean_div_visual_emb": 18.087678909301758, "mpc/mean_div_proprio_emb": 3.4433236122131348, "step": 1}
{"final_eval/success_rate": 0.8, "final_eval/mean_state_dist": 1.8621219396591187, "final_eval/mean_visual_dist": 0.4137013852596283, "final_eval/mean_proprio_dist": 1.0386216640472412, "final_eval/mean_div_visual_emb": 18.087678909301758, "final_eval/mean_div_proprio_emb": 3.4433236122131348}
